DateIn,Plot,Distance,Type,DepthCM,WTholder,Wet+holder,Dry+holder,DryWT,Disturbance,Oribatids,Mesostig,Prostig,TOTAL,%Oribatids,%Mesostig,%Prostig,Oribatids,Mesostig,Prostig,TOTAL,,
31-Oct-05,N,0,OM,0-3,45.27,62.89,54.2,8.93,1,1,0,4,5,20,0,80,,,,,,
31-Oct-05,N,0,OM,3-6,42.49,62.33,59.53,17.04,,5,0,2,7,71.43,0,28.57,,,,,,
31-Oct-05,N,0,OM,6-9,46.47,67.2,52.5,6.03,,41,2,13,56,73.21,3.57,23.21,1,0,4,5,N,0
31-Oct-05,N,0,OM,9-12,46.56,81.39,68.81,22.25,,2,0,0,2,100,0,0,49,2,19,70,,
31-Oct-05,N,0,Min,,46.12,92.11,83.4,37.28,,3,0,7,10,30,0,70,3,0,7,10,,
31-Oct-05,N,E,OM,0-3,44.07,56.83,48.4,4.33,1,106,4,47,157,67.52,2.55,29.94,,,,,,
31-Oct-05,N,E,OM,3-6,46.36,76.41,48.1,1.74,,4,1,7,12,33.33,8.33,58.33,106,4,47,157,N,E
31-Oct-05,N,E,OM,6-9,45.86,65.62,54.7,8.84,,10,0,4,14,71.43,0,28.57,120,5,58,183,,
31-Oct-05,N,E,Min,,43.02,99.03,54.9,11.88,,3,0,10,13,23.08,0,76.92,3,0,10,13,,
31-Oct-05,N,5,OM,0-3,45.66,71.58,55.09,9.43,2,0,0,13,13,0,0,100,,,,,,
31-Oct-05,N,5,OM,3-6,45.62,72.76,56.1,10.48,,5,0,1,6,83.33,0,16.67,0,0,13,13,N,5
31-Oct-05,N,5,OM,6-9,45.28,79.72,56.38,11.1,,109,10,4,123,88.62,8.13,3.25,114,10,18,142,,
31-Oct-05,N,5,Min,,43.04,108.35,93.4,50.36,,13,0,2,15,86.67,0,13.33,13,0,2,15,,
31-Oct-05,N,10,OM,0-3,43.62,56.11,47.97,4.35,1,122,13,36,171,71.35,7.6,21.05,,,,,,
31-Oct-05,N,10,OM,3-6,45.16,64.54,52.33,7.17,,14,0,6,20,70,0,30,122,13,36,171,N,10
31-Oct-05,N,10,OM,6-9,44.44,63.5,50.3,5.86,,7,0,1,8,87.5,0,12.5,143,13,43,199,,
31-Oct-05,N,10,Min,,45.34,103.26,86.76,41.42,,2,0,0,2,100,0,0,2,0,0,2,,
31-Oct-05,N,15,OM,0-3,45.81,66.55,52.86,7.05,1,11,1,8,20,55,5,40,,,,,,
31-Oct-05,N,15,OM,3-6,43.56,59.87,49.97,6.41,,105,23,16,144,72.92,15.97,11.11,11,1,8,20,N,15
31-Oct-05,N,15,OM,6-9,44.67,64.62,54.44,9.77,,10,0,0,10,100,0,0,126,24,24,174,,
31-Oct-05,N,15,Min,,46.47,78.49,62.53,16.06,,4,0,1,5,80,0,20,4,0,1,5,,
31-Oct-05,N,20,OM,0-3,44.14,66.75,53.85,9.71,1,7,0,13,20,35,0,65,,,,,,
31-Oct-05,N,20,OM,3-6,46.22,91.76,64.34,18.12,,5,0,1,6,83.33,0,16.67,,,,,,
31-Oct-05,N,20,OM,6-9,44.05,80.18,52.36,8.31,,91,2,15,108,84.26,1.85,13.89,,,,,,
31-Oct-05,N,20,OM,9-12,44.83,88.58,57.04,12.21,,18,0,4,22,81.82,0,18.18,,,,,,
31-Oct-05,N,20,OM,12-15,44.98,82.08,56.21,11.23,,3,0,2,5,60,0,40,,,,,,
31-Oct-05,N,20,OM,15-18,44.11,70.4,53.93,9.82,wood,3,0,2,5,60,0,40,,,,,,
31-Oct-05,N,20,OM,18-21,44.12,77.14,58.17,14.05,wood,0,0,0,0,0,0,0,,,,,,
31-Oct-05,N,20,OM,21-24,45.79,65.63,52.01,6.22,wood,10,0,3,13,76.92,0,23.08,7,0,13,20,N,20
31-Oct-05,N,20,OM,24-27,45.01,63.03,50.92,5.91,wood,5,0,0,5,100,0,0,142,2,40,184,,
31-Oct-05,N,20,Min,,44.53,60.65,51.15,6.62,,3,0,1,4,75,0,25,3,0,1,4,,
31-Oct-05,N,30,mix,0-3,46.24,82.62,64.93,18.69,3,2,0,3,5,40,0,60,,,,,,
31-Oct-05,N,30,mix,3-6,45.75,75.63,58.33,12.58,,4,0,0,4,100,0,0,,,,,,
31-Oct-05,N,30,mix,6-9,43.36,78.52,57.9,14.54,,2,0,0,2,100,0,0,,,,,,
31-Oct-05,N,30,mix,9-12,45.82,73.39,56.65,10.83,,5,0,0,5,100,0,0,2,0,3,5,N,30
31-Oct-05,N,30,mix,12-15,45.08,81.69,65.17,20.09,,1,0,0,1,100,0,0,14,0,3,17,,
31-Oct-05,N,30,Min,,44.52,97.61,79.68,35.16,,0,0,0,0,0,0,0,0,0,0,0,,
31-Oct-05,F,0,OM,0-3,46.57,69.19,53.82,7.25,1,7,3,18,28,25,10.71,64.29,,,,,,
31-Oct-05,F,0,OM,3-6,46.3,71.38,53.16,6.86,,23,2,17,42,54.76,4.76,40.48,,,,,,
31-Oct-05,F,0,OM,6-9,78.5,104.77,90.68,12.18,,5,0,2,7,71.43,0,28.57,,,,,,
31-Oct-05,F,0,OM,9-12,45.95,76.46,61.68,15.73,,18,12,12,42,42.86,28.57,28.57,7,3,18,28,F,0
31-Oct-05,F,0,OM,12-15,44.04,66.66,56.22,12.18,,27,7,9,43,62.79,16.28,20.93,80,24,58,162,,
31-Oct-05,F,0,Min,,45.93,80.62,66.94,21.01,,3,3,8,14,21.43,21.43,57.14,3,3,8,14,,
31-Oct-05,F,E,OM,0-3,46.06,58.82,50.34,4.28,1,108,16,14,138,78.26,11.59,10.14,,,,,,
31-Oct-05,F,E,OM,3-6,45.36,62.79,51.38,6.02,,2,0,10,12,16.67,0,83.33,,,,,,
31-Oct-05,F,E,OM,6-9,45.09,66.9,52.53,7.44,,10,2,14,26,38.46,7.69,53.85,108,16,14,138,F,E
31-Oct-05,F,E,OM,9-12,43.83,64.36,52.88,9.05,,4,3,1,8,50,37.5,12.5,124,21,39,184,,
31-Oct-05,F,E,MIn,,45.59,112.33,96.3,50.71,,1,0,1,2,50,0,50,1,0,1,2,,
31-Oct-05,F,5,OM,0-3,46.02,64,51.41,5.39,1,5,0,23,28,17.86,0,82.14,,,,,,
31-Oct-05,F,5,OM,3-6,43.59,61.14,50.48,6.89,,1,0,19,20,5,0,95,,,,,,
31-Oct-05,F,5,OM,6-9,46.04,76.86,53.01,6.97,,58,9,32,99,58.59,9.09,32.32,,,,,,
31-Oct-05,F,5,OM,9-12,46.05,71.72,55.41,9.36,,1,0,0,1,100,0,0,,,,,,
31-Oct-05,F,5,OM,12-15,42.98,83.3,57.63,14.65,,5,1,4,10,50,10,40,5,0,23,28,F,5
31-Oct-05,F,5,OM,18-21,44.39,55.32,58.79,14.4,,6,0,2,8,75,0,25,76,10,80,166,,
31-Oct-05,F,5,Min,,45.1,114.95,92.02,46.92,,3,0,3,6,50,0,50,3,0,3,6,,
31-Oct-05,F,10,OM,0-3,44.54,62.79,51.15,6.61,1,14,1,23,38,36.84,2.63,60.53,,,,,,
31-Oct-05,F,10,OM,3-6,42.92,73.93,55.89,12.97,,2,0,9,11,18.18,0,81.82,,,,,,
31-Oct-05,F,10,OM,6-9,44.59,86.47,59.36,14.77,,8,1,1,10,80,10,10,14,1,23,38,F,10
31-Oct-05,F,10,OM,9-12,44.86,77.09,59.72,14.86,,2,3,1,6,33.33,50,16.67,26,5,34,65,,
31-Oct-05,F,10,Min,,46.08,91.61,76.06,29.98,,3,0,1,4,75,0,25,3,0,1,4,,
31-Oct-05,F,15,OM,0-3,41.05,64.54,50.4,9.35,2,7,2,3,12,58.33,16.67,25,,,,,,
31-Oct-05,F,15,OM,3-6,45.1,84.4,69.32,24.22,,7,0,4,11,63.64,0,36.36,7,2,3,12,F,15
31-Oct-05,F,15,OM,6-9,44.89,93.23,75.72,30.83,,3,1,1,5,60,20,20,17,3,8,28,,
31-Oct-05,F,15,Min,,46.57,86.94,96.56,49.99,,2,0,3,5,40,0,60,2,0,3,5,,
31-Oct-05,F,20,OM,0-3,45.9,70.53,54.95,9.05,2-wood,3,0,4,7,42.86,0,57.14,,,,,,
31-Oct-05,F,20,OM,3-6,44.36,66.34,50.95,6.59,wood,7,0,12,19,36.84,0,63.16,3,0,4,7,F,20
31-Oct-05,F,20,OM,6-9,43.39,63.45,50.06,6.67,wood,4,0,17,21,19.05,0,80.95,14,0,33,47,,
31-Oct-05,F,20,Min,,45.12,88.54,69.7,24.58,,0,0,1,1,0,0,100,0,0,1,1,,
31-Oct-05,F,30,OM,0-3,44.52,64.57,51.75,7.23,1,4,1,19,24,16.67,4.17,79.17,4,1,19,24,F,30
31-Oct-05,F,30,OM,3-6,45.15,74.95,53.84,8.69,,46,13,19,78,58.97,16.67,24.36,50,14,38,102,,
31-Oct-05,F,30,Min,,,,,,,10,3,2,15,66.67,20,13.33,10,3,2,15,,
04-Nov-05,TU2,1 (210),OM,0-3,42.49,65.43,48.75,6.26,2,202,39,45,286,70.63,13.64,15.73,,,,,,
04-Nov-05,TU2,1 (210),OM,3-6,46.56,71,55.66,9.1,,51,12,6,69,73.91,17.39,8.7,,,,,,
04-Nov-05,TU2,1 (210),OM,6-9,46.12,65.5,52.34,6.22,,61,14,13,88,69.32,15.91,14.77,202,39,45,286,TU2,1(210)
04-Nov-05,TU2,1 (210),OM,9-12,44.07,71.25,54.39,10.32,,105,13,10,128,82.03,10.16,7.81,419,78,74,571,,
04-Nov-05,TU2,1 (210),Min,,46.36,102.86,88.96,42.6,,2,0,0,2,100,0,0,2,0,0,2,,
04-Nov-05,TU2,2 (211),OM,0-3,45.86,60.27,50.78,4.92,2,192,4,12,208,92.31,1.92,5.77,,,,,,
04-Nov-05,TU2,2 (211),OM,3-6,43.02,63.79,49.37,6.35,,59,5,8,72,81.94,6.94,11.11,192,4,12,208,TU2,2(211)
04-Nov-05,TU2,2 (211),OM,6-9,45.66,75.32,57.76,12.1,,48,3,12,63,76.19,4.76,19.05,299,12,32,343,,
04-Nov-05,TU2,2 (211),Min,9-12,45.62,96.17,81.28,35.66,,10,0,6,16,62.5,0,37.5,10,0,6,16,,
04-Nov-05,TU2,3,OM,0-3,43.04,63.74,48.46,5.42,2,85,17,12,114,74.56,14.91,10.53,,,,,,
04-Nov-05,TU2,3,OM,3-6,43.62,69.27,53.89,10.27,,48,12,9,69,69.57,17.39,13.04,85,17,12,114,TU2,3
04-Nov-05,TU2,3,OM,6-9,45.16,64.23,52.67,7.51,,28,8,6,42,66.67,19.05,14.29,161,37,27,225,,
04-Nov-05,TU2,3,Min,,44.44,73.65,57.13,12.69,,17,10,3,30,56.67,33.33,10,17,10,3,30,,
04-Nov-05,TU2,4,OM,0-3,45.34,60.94,50.28,4.94,2,163,20,58,241,67.63,8.3,24.07,,,,,,
04-Nov-05,TU2,4,OM,3-6,45.81,65.19,54.69,8.88,,97,13,16,126,76.98,10.32,12.7,163,20,58,241,TU2,4
04-Nov-05,TU2,4,OM,6-9,43.56,37.47,54.17,10.61,,8,4,17,29,27.59,13.79,58.62,268,37,91,396,,
04-Nov-05,TU2,4,Min,,44.67,81.45,67.25,22.58,,21,4,17,42,50,9.52,40.48,21,4,17,42,,
04-Nov-05,TU3,1,OM,0-3,46.47,70.08,55.93,9.46,1,15,0,19,34,44.12,0,55.88,,,,,,
04-Nov-05,TU3,1,OM,3-6,44.14,64.78,50.02,5.88,,43,0,71,114,37.72,0,62.28,,,,,,
04-Nov-05,TU3,1,OM,6-9,46.22,71.4,55.42,9.2,,51,2,15,68,75,2.94,22.06,15,0,19,34,TU3,1
04-Nov-05,TU3,1,OM,9-12,44.11,80.91,56.68,12.57,,39,0,11,50,78,0,22,148,2,116,266,,
04-Nov-05,TU3,1,Min,,44.12,102.08,86.04,41.92,,5,0,1,6,83.33,0,16.67,5,0,1,6,,
04-Nov-05,TU3,2,OM,0-3,45.79,60.69,50.36,4.57,1,386,12,102,500,77.2,2.4,20.4,,,,,,
04-Nov-05,TU3,2,OM,3-6,45.01,66.26,51.99,6.98,,172,13,25,210,81.9,6.19,11.9,,,,,,
04-Nov-05,TU3,2,OM,6-9,44.53,79.56,59.66,15.13,,40,13,18,71,56.34,18.31,25.35,,,,,,
04-Nov-05,TU3,2,OM,9-12,46.24,75.39,60.22,13.98,,14,0,5,19,73.68,0,26.32,,,,,,
04-Nov-05,TU3,2,OM,12-15,45.75,69.02,57.52,11.77,,20,4,4,28,71.43,14.29,14.29,386,12,102,500,TU3,2
04-Nov-05,TU3,2,OM,15-18,43.36,69.58,55.87,12.51,,25,7,13,45,55.56,15.56,28.89,657,49,167,873,,
04-Nov-05,TU3,2,Min,,45.82,96.49,81.22,35.4,,14,4,3,21,66.67,19.05,14.29,14,4,3,21,,
04-Nov-05,TU3,3,OM,0-3,45.08,62.19,53.25,8.17,2,122,9,39,170,71.76,5.29,22.94,,,,,,
04-Nov-05,TU3,3,OM,3-6,44.52,69.94,56.75,12.23,,141,8,56,205,68.78,3.9,27.32,122,9,39,170,TU3,3
04-Nov-05,TU3,3,OM,6-9,46.57,72.91,60.77,14.2,,63,6,10,79,79.75,7.59,12.66,326,23,105,454,,
04-Nov-05,TU3,3,Min,,78.5,118.89,106.62,28.12,,16,2,6,24,66.67,8.33,25,16,2,6,24,,
04-Nov-05,TU3,4,OM,0-3,45.95,79.39,52.69,6.74,1,328,53,107,488,67.21,10.86,21.93,,,,,,
04-Nov-05,TU3,4,OM,3-6,44.04,69.5,50.32,6.28,,21,1,9,31,67.74,3.23,29.03,,,,,,
04-Nov-05,TU3,4,OM,6-9,45.93,87.03,65.15,19.22,,5,0,8,13,38.46,0,61.54,,,,,,
04-Nov-05,TU3,4,OM,9-12,46.06,88.58,58.75,12.69,,7,1,3,11,63.64,9.09,27.27,,,,,,
04-Nov-05,TU3,4,OM,12-15,45.36,81.52,61.96,16.6,,2,0,7,9,22.22,0,77.78,328,53,107,488,TU3,4
04-Nov-05,TU3,4,OM,15-18,45.09,84.88,53.94,8.85,,5,1,1,7,71.43,14.29,14.29,368,56,135,559,,
04-Nov-05,TU3,4,Min,,43.83,121.94,99.57,55.74,,0,1,1,2,0,50,50,0,1,1,2,,
04-Nov-05,M,0,OM,0-3,45.59,68.57,54.29,8.7,2,137,8,42,187,73.26,4.28,22.46,,,,,,
04-Nov-05,M,0,OM,3-6,46.02,77.63,62.07,16.05,,34,10,17,61,55.74,16.39,27.87,137,8,42,187,M,0
04-Nov-05,M,0,OM,6-9,43.59,68.04,56.26,12.67,,30,4,15,49,61.22,8.16,30.61,201,22,74,297,,
04-Nov-05,M,0,Min,,46.05,93.21,76.59,30.54,,9,3,5,17,52.94,17.65,29.41,9,3,5,17,,
04-Nov-05,M,E,OM,0-3,42.98,65.88,50.83,7.85,1,117,20,65,202,57.92,9.9,32.18,117,20,65,202,M,E
04-Nov-05,M,E,OM,3-6,44.39,79.62,61.58,17.19,,167,17,73,257,64.98,6.61,28.4,284,37,138,459,,
04-Nov-05,M,E,Min,,45.1,89.61,76.85,31.75,,135,10,9,154,87.66,6.49,5.84,135,10,9,154,,
04-Nov-05,M,5,OM,0-3,44.54,69.86,52.3,7.76,2,104,5,13,122,85.25,4.1,10.66,,,,,,
04-Nov-05,M,5,OM,3-6,42.92,74.37,53.89,10.97,,57,7,7,71,80.28,9.86,9.86,,,,,,
04-Nov-05,M,5,OM,6-9,44.59,61.75,50.68,6.09,,93,5,4,102,91.18,4.9,3.92,104,5,13,122,M,5
04-Nov-05,M,5,OM,9-12,44.86,69.24,53.27,8.41,,89,4,15,108,82.41,3.7,13.89,343,21,39,403,,
04-Nov-05,M,5,Min,,46.08,118.82,89.17,43.09,,11,2,5,18,61.11,11.11,27.78,11,2,5,18,,
04-Nov-05,M,10,mix,0-3,41.05,76.46,61.48,20.43,3,40,2,17,59,67.8,3.39,28.81,,,,,,
04-Nov-05,M,10,mix,3-6,45.1,69.5,56.61,11.51,,37,7,19,63,58.73,11.11,30.16,,,,,,
04-Nov-05,M,10,mix,6-9,44.89,75.47,62.45,17.56,,16,1,15,32,50,3.13,46.88,40,2,17,59,M,10
04-Nov-05,M,10,mix,9-12,46.57,74.9,61.27,14.7,,22,0,9,31,70.97,0,29.03,115,10,60,185,,
04-Nov-05,M,10,Min,,45.9,90.42,78.4,32.5,,7,1,3,11,63.64,9.09,27.27,7,1,3,11,,
04-Nov-05,M,15,mix,0-3,44.36,83.32,68.2,23.84,4,19,1,10,30,63.33,3.33,33.33,,,,,,
04-Nov-05,M,15,mix,3-6,43.39,82.19,66.18,22.79,,22,3,5,30,73.33,10,16.67,,,,,,
04-Nov-05,M,15,mix,6-9,45.12,70.32,60.05,14.93,,9,0,8,17,52.94,0,47.06,19,1,10,30,M,15
04-Nov-05,M,15,mix,9-12,44.52,69.86,60.6,16.08,,4,0,7,11,36.36,0,63.64,54,4,30,88,,
04-Nov-05,M,15,Min,,43.98,96.49,82.64,38.66,,3,0,0,3,100,0,0,3,0,0,3,,
09-Nov-05,R,0,OM,0-3,45.27,69.88,55.79,10.52,2,49,10,75,134,36.57,7.46,55.97,,,,,,
09-Nov-05,R,0,OM,3-6,42.49,71.63,59.87,17.38,,31,2,56,89,34.83,2.25,62.92,49,10,75,134,R,0
09-Nov-05,R,0,mix,6-9,46.47,79.7,64.3,17.83,,20,5,54,79,25.32,6.33,68.35,100,17,185,302,,
09-Nov-05,R,0,min,,46.56,101.49,90.19,43.63,,8,4,33,45,17.78,8.89,73.33,8,4,33,45,,
09-Nov-05,R,E,OM,0-3,46.12,62.25,48.78,2.66,1,217,33,10,260,83.46,12.69,3.85,,,,,,
09-Nov-05,R,E,OM,3-6,44.07,65.6,50.39,6.32,,163,17,46,226,72.12,7.52,20.35,,,,,,
09-Nov-05,R,E,OM,6-9,46.36,67.12,50.72,4.36,,115,9,30,154,74.68,5.84,19.48,,,,,,
09-Nov-05,R,E,OM,9-12,45.86,85.94,61.66,15.8,,91,5,27,123,73.98,4.07,21.95,217,33,10,260,R,E
09-Nov-05,R,E,OM,12-15,43.02,81.37,60.56,17.54,,26,1,22,49,53.06,2.04,44.9,612,65,135,812,,
09-Nov-05,R,E,,Min,45.66,98.15,81.07,35.41,,8,0,4,12,66.67,0,33.33,8,0,4,12,,
09-Nov-05,R,10,OM,0-3,45.62,66.76,52.91,7.29,1,305,7,56,368,82.88,1.9,15.22,,,,,,
09-Nov-05,R,10,OM,3-6,45.28,60.33,49.68,4.4,,179,17,15,211,84.83,8.06,7.11,,,,,,
09-Nov-05,R,10,OM,6-9,43.04,69.95,49.51,6.47,,271,44,48,363,74.66,12.12,13.22,,,,,,
09-Nov-05,R,10,OM,9-12,43.62,64.65,49.91,6.29,,133,27,27,187,71.12,14.44,14.44,305,7,56,368,R,10
09-Nov-05,R,10,OM,12-15,45.16,82.48,56.97,11.81,,82,20,77,179,45.81,11.17,43.02,970,115,223,1308,,
09-Nov-05,R,10,,Min+,44.44,75.25,58.85,14.41,,33,17,20,70,47.14,24.29,28.57,33,17,20,70,,
09-Nov-05,R,20,mix,0-3,45.34,77.38,61.32,15.98,4,94,1,22,117,80.34,0.85,18.8,94,1,22,117,R,20
09-Nov-05,R,20,mix,3-6,45.81,71.57,58.73,12.92,,89,9,20,118,75.42,7.63,16.95,183,10,42,235,,
09-Nov-05,R,20,Min,,43.56,82.51,70.81,27.25,,14,3,6,23,60.87,13.04,26.09,14,3,6,23,,
09-Nov-05,R,30,mix,0-3,44.67,73.94,54.56,9.89,3,50,1,12,63,79.37,1.59,19.05,,,,,,
09-Nov-05,R,30,mix,3-6,46.47,74.75,57.78,11.31,,3,0,7,10,30,0,70,,,,,,
09-Nov-05,R,30,mix,6-9,44.14,78.42,58.29,14.15,,58,3,13,74,78.38,4.05,17.57,,,,,,
09-Nov-05,R,30,mix,9-12,46.22,77.5,59.3,13.08,,63,6,19,88,71.59,6.82,21.59,,,,,,
09-Nov-05,R,30,mix,12-15,44.05,77.25,58.55,14.5,,30,2,9,41,73.17,4.88,21.95,,,,,,
09-Nov-05,R,30,mix,15-18,44.83,64.4,52.92,8.09,,30,3,2,35,85.71,8.57,5.71,50,1,12,63,R,30
09-Nov-05,R,30,mix,18-21,44.98,69.11,54.91,9.93,,30,1,10,41,73.17,2.44,24.39,264,16,72,352,,
09-Nov-05,R,30,Min,,44.11,77.57,68.48,24.37,,3,1,2,6,50,16.67,33.33,3,1,2,6,,
09-Nov-05,J,0,OM,0-3,44.12,66.04,52.97,8.85,1,255,28,83,366,69.67,7.65,22.68,255,28,83,366,J,0
09-Nov-05,J,0,OM,3-6,45.79,75.8,64.59,18.8,,74,4,20,98,75.51,4.08,20.41,329,32,103,464,,
09-Nov-05,J,0,Min,,45.01,76.29,66.03,21.02,,124,2,12,138,89.86,1.45,8.7,124,2,12,138,,
09-Nov-05,J,E,OM,0-3,44.53,60.79,49.44,4.91,,259,16,41,316,81.96,5.06,12.97,,,,,,
09-Nov-05,J,E,OM,3-6,46.24,64.68,52.71,6.47,,201,14,22,237,84.81,5.91,9.28,259,16,41,316,J,E
09-Nov-05,J,E,OM,6-9,45.75,73.16,62.42,16.67,,95,20,15,130,73.08,15.38,11.54,555,50,78,683,,
09-Nov-05,J,E,Min,,43.36,90.76,78.92,35.56,,82,1,27,110,74.55,0.91,24.55,82,1,27,110,,
09-Nov-05,J,10,mix,0-3,45.82,74.48,70.09,24.27,4,23,1,10,34,67.65,2.94,29.41,23,1,10,34,J,10
09-Nov-05,J,10,mix,3-6,45.08,85.36,56.6,11.52,,42,9,29,80,52.5,11.25,36.25,65,10,39,114,,
09-Nov-05,J,10,Min,,44.52,100.3,81.88,37.36,,10,1,4,15,66.67,6.67,26.67,10,1,4,15,,
09-Nov-05,J,20,OM,0-3,46.57,66.88,51.78,5.21,2,116,21,18,155,74.84,13.55,11.61,,,,,,
09-Nov-05,J,20,OM,3-6,46.3,70.61,52.56,6.26,wood,107,11,8,126,84.92,8.73,6.35,,,,,,
09-Nov-05,J,20,OM,6-9,78.5,107.18,85.9,7.4,wood,45,4,8,57,78.95,7.02,14.04,,,,,,
09-Nov-05,J,20,OM,9-12,45.95,68.05,52,6.05,wood,70,5,10,85,82.35,5.88,11.76,116,21,18,155,J,20
09-Nov-05,J,20,OM,12-15,44.04,64.3,49.37,5.33,,39,2,17,58,67.24,3.45,29.31,377,43,61,481,,
09-Nov-05,J,20,Min,,45.93,112.47,84.3,38.37,,8,0,12,20,40,0,60,8,0,12,20,,
09-Nov-05,J,30,mix,0-3,46.06,71.15,56.74,10.68,4,15,3,3,21,71.43,14.29,14.29,15,3,3,21,J,30
09-Nov-05,J,30,mix,3-6,45.36,66.74,53.96,8.6,,8,1,0,9,88.89,11.11,0,23,4,3,30,,
09-Nov-05,J,30,Min,,45.09,111.48,88.79,43.7,,0,0,0,0,0,0,0,0,0,0,0,,
09-Nov-05,M,20,mix,0-3,43.83,70.184,57.1,13.27,3,9,1,5,15,60,6.67,33.33,,,,,,
09-Nov-05,M,20,mix,3-6,45.59,66.15,53.6,8.01,,56,8,40,104,53.85,7.69,38.46,9,1,5,15,M,20
09-Nov-05,M,20,mix,6-9,46.02,66.41,53.39,7.37,,58,3,52,113,51.33,2.65,46.02,123,12,97,232,,
09-Nov-05,M,20,Min,,43.59,92.82,82.03,38.44,,3,2,4,9,33.33,22.22,44.44,3,2,4,9,,
09-Nov-05,M,30,mix,0-3,46.04,78.54,64.11,18.07,4,96,9,16,121,79.34,7.44,13.22,,,,,,
09-Nov-05,M,30,mix,3-6,46.05,83.02,6805,6758.95,,64,0,22,86,74.42,0,25.58,,,,,,
09-Nov-05,M,30,mix,6-9,42.98,73.34,62.21,19.23,,67,2,5,74,90.54,2.7,6.76,96,9,16,121,M,30
09-Nov-05,M,30,mix,9-12,44.39,76.04,63.05,18.66,,46,3,7,56,82.14,5.36,12.5,273,14,50,337,,
09-Nov-05,M,30,Min,,45.1,98.98,85.12,40.02,,9,0,1,10,90,0,10,9,0,1,10,,
09-Nov-05,S,0,OM,0-3,44.54,62.99,50.12,5.58,1,286,27,47,360,79.44,7.5,13.06,,,,,,
09-Nov-05,S,0,OM,3-6,42.92,67.68,50.18,7.26,,197,15,38,250,78.8,6,15.2,,,,,,
09-Nov-05,S,0,OM,6-9,44.59,67.92,51.08,6.49,,105,7,43,155,67.74,4.52,27.74,,,,,,
09-Nov-05,S,0,OM,9-12,44.86,68.76,50.89,6.03,,36,16,9,61,59.02,26.23,14.75,286,27,47,360,S,0
09-Nov-05,S,0,OM,12-15,46.08,57.4,51.86,5.78,,29,5,20,54,53.7,9.26,37.04,653,70,157,880,,
09-Nov-05,S,0,Min,,41.05,89.25,70.72,29.67,,24,0,8,32,75,0,25,24,0,8,32,,
09-Nov-05,S,E,OM,0-3,45.1,60.2,49.42,4.32,1,225,5,22,252,89.29,1.98,8.73,,,,,,
09-Nov-05,S,E,OM,3-6,44.89,71.76,51.17,6.28,,143,8,17,168,85.12,4.76,10.12,,,,,,
09-Nov-05,S,E,OM,6-9,45.9,69.04,51.15,5.25,,36,2,10,48,75,4.17,20.83,,,,,,
09-Nov-05,S,E,OM,9-12,44.36,63.29,50.92,6.56,,41,4,9,54,75.93,7.41,16.67,225,5,22,252,S,E
09-Nov-05,S,E,OM,12-15,43.39,70.85,50.36,6.97,,21,1,10,32,65.63,3.13,31.25,466,20,68,554,,
09-Nov-05,S,E,Min,,45.12,84.75,71.14,26.02,,2,0,5,7,28.57,0,71.43,2,0,5,7,,
09-Nov-05,S,20,mix,0-3,44.52,76.82,54.68,10.16,2,8,0,11,19,42.11,0,57.89,,,,,,
09-Nov-05,S,20,mix,3-6,45.15,72.27,53.41,8.26,,40,1,10,51,78.43,1.96,19.61,8,0,11,19,S,20
09-Nov-05,S,20,mix,6-9,43.98,84.54,66.23,22.25,,2,0,2,4,50,0,50,2,0,2,4,,
14-Nov-05,C,0,OM,0-3,45.27,59.95,48.46,3.19,1,114,7,102,223,51.12,3.14,45.74,,,,,,
14-Nov-05,C,0,,3-6,42.49,64.61,47.55,5.06,,117,14,102,233,50.21,6.01,43.78,,,,,,
14-Nov-05,C,0,,6-9,46.47,69.09,54.05,7.58,,16,0,11,27,59.26,0,40.74,114,7,102,223,C,0
14-Nov-05,C,0,,9-12,46.56,74.02,54.24,7.68,,96,2,22,120,80,1.67,18.33,343,23,237,603,,
14-Nov-05,C,0,Min,,46.12,101.32,84.67,38.55,,10,0,12,22,45.45,0,54.55,10,0,12,22,,
14-Nov-05,C,E,OM,0-3,44.07,63.14,51.69,7.62,2,38,6,16,60,63.33,10,26.67,,,,,,
14-Nov-05,C,E,OM,3-6,46.36,63.83,52.19,5.83,,212,10,24,246,86.18,4.07,9.76,38,6,16,60,C,E
14-Nov-05,C,E,mix,6-9,45.86,85.6,68.61,22.75,,112,2,28,142,78.87,1.41,19.72,362,18,68,448,,
14-Nov-05,C,E,min,,43.02,86.05,78.32,35.3,,45,0,15,60,75,0,25,45,0,15,60,,
14-Nov-05,C,10,mix,0-3,45.66,79.36,65.52,19.86,4,28,2,17,47,59.57,4.26,36.17,,,,,,
14-Nov-05,C,10,mix,3-6,45.62,76.1,63.38,17.76,,20,2,16,38,52.63,5.26,42.11,28,2,17,47,C,10
14-Nov-05,C,10,mix,6-9,45.28,76.46,64.27,18.99,,25,2,13,40,62.5,5,32.5,73,6,46,125,,
14-Nov-05,C,10,min,,43.04,91.39,79.5,36.46,,3,2,1,6,50,33.33,16.67,3,2,1,6,,
14-Nov-05,C,20,mix,0-3,43.62,62.92,48.85,5.23,2,88,6,14,108,81.48,5.56,12.96,,,,,,
14-Nov-05,C,20,mix,3-6,45.16,67.67,50.9,5.74,wood,75,26,3,104,72.12,25,2.88,,,,,,
14-Nov-05,C,20,mix,6-9,44.44,72.55,50.93,6.49,wood,50,14,4,68,73.53,20.59,5.88,88,6,14,108,C,20
14-Nov-05,C,20,mix,9-12,45.34,65.64,50.82,5.48,wood,33,7,9,49,67.35,14.29,18.37,246,53,30,329,,
14-Nov-05,C,20,Min,,45.81,85,67.35,21.54,,50,10,5,65,76.92,15.38,7.69,50,10,5,65,,
14-Nov-05,C,30,OM,0-3,43.56,66.85,50.6,7.04,2,138,2,3,143,96.5,1.4,2.1,,,,,,
14-Nov-05,C,30,OM,3-6,44.67,79.45,60.11,15.44,,10,0,1,11,90.91,0,9.09,,,,,,
14-Nov-05,C,30,OM,6-9,46.47,67.38,52.67,6.2,,88,4,9,101,87.13,3.96,8.91,,,,,,
14-Nov-05,C,30,OM,9-12,44.14,71.42,53.05,8.91,,91,5,4,100,91,5,4,,,,,,
14-Nov-05,C,30,OM,12-15,46.22,63.42,51.86,5.64,,70,3,7,80,87.5,3.75,8.75,138,2,3,143,C,30
14-Nov-05,C,30,OM,15-18,44.05,58.94,49.17,5.12,,50,0,5,55,90.91,0,9.09,447,14,29,490,,
14-Nov-05,C,30,Min,,44.83,80.03,61.06,16.23,,42,0,11,53,79.25,0,20.75,42,0,11,53,,
14-Nov-05,G,0,OM,0-3,44.98,61.89,50.16,5.18,1,183,10,39,232,78.88,4.31,16.81,183,10,39,232,G,0
14-Nov-05,G,0,OM,3-6,44.11,67.66,54.92,10.81,,138,8,38,184,75,4.35,20.65,321,18,77,416,,
14-Nov-05,G,0,MIn,,44.12,107.58,90.87,46.75,,13,3,26,42,30.95,7.14,61.9,13,3,26,42,,
14-Nov-05,G,E,OM,0-3,45.79,71.56,53.34,7.55,2,139,15,21,175,79.43,8.57,12,,,,,,
14-Nov-05,G,E,OM,3-6,45.01,70.51,52.69,7.68,,122,11,26,159,76.73,6.92,16.35,139,15,21,175,G,E
14-Nov-05,G,E,OM,6-9,44.53,68.55,52.28,7.75,,66,8,25,99,66.67,8.08,25.25,327,34,72,433,,
14-Nov-05,G,E,Min,,46.24,91.3,76.93,30.69,,34,5,9,48,70.83,10.42,18.75,34,5,9,48,,
14-Nov-05,G,10,OM,0-3,45.75,70.45,53.56,7.81,2,59,4,17,80,73.75,5,21.25,,,,,,
14-Nov-05,G,10,OM,3-6,43.36,64.46,50.13,6.77,,62,6,35,103,60.19,5.83,33.98,,,,,,
14-Nov-05,G,10,OM,6-9,45.82,75,54.78,8.96,,24,0,13,37,64.86,0,35.14,,,,,,
14-Nov-05,G,10,OM,9-12,45.08,65.48,52.45,7.37,,26,4,12,42,61.9,9.52,28.57,59,4,17,80,G,10
14-Nov-05,G,10,OM,12-15,44.52,60.81,49.56,5.04,,77,6,14,97,79.38,6.19,14.43,248,20,91,359,,
14-Nov-05,G,10,Min,,46.57,109.32,89.15,42.58,,12,2,3,17,70.59,11.76,17.65,12,2,3,17,,
14-Nov-05,G,20,OM,0-3,46.3,67.65,52.32,6.02,3,177,15,28,220,80.45,6.82,12.73,,,,,,
14-Nov-05,G,20,OM,3-6,78.5,106.42,87.93,9.43,,22,0,3,25,88,0,12,177,15,28,220,G,20
14-Nov-05,G,20,mix,6-9,45.95,72.3,60.76,14.81,,85,8,35,128,66.41,6.25,27.34,284,23,66,373,,
14-Nov-05,G,20,Min,,44.04,97.18,84.79,40.75,,32,3,12,47,68.09,6.38,25.53,32,3,12,47,,
14-Nov-05,G,30,OM,0-3,45.93,65.41,51.45,5.52,1,121,18,12,151,80.13,11.92,7.95,,,,,,
14-Nov-05,G,30,OM,3-6,46.06,65.93,50.55,4.49,wood,56,8,10,74,75.68,10.81,13.51,,,,,,
14-Nov-05,G,30,OM,6-9,45.36,70.94,49.88,4.52,wood,330,8,14,352,93.75,2.27,3.98,121,18,12,151,G,30
14-Nov-05,G,30,OM,9-12,45.09,64.15,51.02,5.93,,86,12,4,102,84.31,11.76,3.92,593,46,40,679,,
14-Nov-05,G,30,Min,,43.83,88.56,70.74,26.91,,25,0,9,34,73.53,0,26.47,25,0,9,34,,
14-Nov-05,I,0,OM,0-3,45.59,64.81,50.39,4.8,1,169,30,127,326,51.84,9.2,38.96,,,,,,
14-Nov-05,I,0,OM,3-6,46.02,72.7,53.46,7.44,,222,16,46,284,78.17,5.63,16.2,169,30,127,326,I,0
14-Nov-05,I,0,OM,6-9,43.59,90.08,78.95,35.36,,47,6,28,81,58.02,7.41,34.57,438,52,201,691,,
14-Nov-05,I,0,Min,,46.04,94.59,87.7,41.66,,10,0,5,15,66.67,0,33.33,10,0,5,15,,
14-Nov-05,I,E,OM,0-3,46.05,56.98,46.69,0.64,1,119,32,34,185,64.32,17.3,18.38,,,,,,
14-Nov-05,I,E,OM,3-6,42.98,70.17,52.47,9.49,,61,6,19,86,70.93,6.98,22.09,119,32,34,185,I,E
14-Nov-05,I,E,OM,6-9,44.39,76.58,55.73,11.34,,66,5,62,133,49.62,3.76,46.62,246,43,115,404,,
14-Nov-05,I,E,Min,,45.1,112.4,96.78,51.68,,6,3,11,20,30,15,55,6,3,11,20,,
14-Nov-05,I,10,OM,0-3,44.54,60.04,48.6,4.06,1,134,12,39,185,72.43,6.49,21.08,,,,,,
14-Nov-05,I,10,OM,3-6,42.92,62.97,47.98,5.06,,21,0,9,30,70,0,30,,,,,,
14-Nov-05,I,10,OM,6-9,44.59,76.31,53.05,8.46,,35,0,4,39,89.74,0,10.26,,,,,,
14-Nov-05,I,10,OM,9-12,44.86,68.57,51.14,6.28,,34,4,6,44,77.27,9.09,13.64,,,,,,
14-Nov-05,I,10,OM,12-15,46.08,73.9,53.5,7.42,,22,2,1,25,88,8,4,134,12,39,185,I,10
14-Nov-05,I,10,OM,15-18,41.05,53.84,44.82,3.77,,15,2,1,18,83.33,11.11,5.56,261,20,60,341,,
14-Nov-05,I,20,OM,0-3,45.1,57.37,49.8,4.7,3,92,3,18,113,81.42,2.65,15.93,NO MIN,NO MIN,NO MIN,NO MIN,,
14-Nov-05,I,20,OM,3-6,44.89,73.4,61.78,16.89,,57,5,13,75,76,6.67,17.33,92,3,18,113,I,20
14-Nov-05,I,20,mix,6-9,46.57,89,85.59,39.02,,64,2,11,77,83.12,2.6,14.29,213,10,42,265,,
14-Nov-05,I,20,Min,,45.9,106.8,94.26,48.36,,13,2,3,18,72.22,11.11,16.67,13,2,3,18,,
14-Nov-05,I,30,OM,0-3,44.36,64.68,52.05,7.69,1,118,8,7,133,88.72,6.02,5.26,,,,,,
14-Nov-05,I,30,OM,3-6,43.39,63.73,48.12,4.73,,108,12,17,137,78.83,8.76,12.41,118,8,7,133,I,30
14-Nov-05,I,30,OM,6-9,45.12,76.23,54.01,8.89,,319,59,20,398,80.15,14.82,5.03,545,79,44,668,,
14-Nov-05,I,30,Min,,44.52,89.35,81.03,36.51,,33,6,8,47,70.21,12.77,17.02,33,6,8,47,,
14-Nov-05,G,5,OM,0-3,45.15,73.96,55.6,10.45,2,,,,,,,,,,,,,
14-Nov-05,G,5,OM,3-6,43.98,66.94,53.83,9.85,,,,,,,,,?,,,,,
18-Nov-05,T,0,OM,0-3,45.27,56.14,48.79,3.52,1,71,11,28,110,64.55,10,25.45,,,,,,
18-Nov-05,T,0,OM,3-6,42.49,58.19,46.28,3.79,,161,3,71,235,68.51,1.28,30.21,,,,,,
18-Nov-05,T,0,OM,6-9,46.47,68.37,51.42,4.95,,161,10,23,194,82.99,5.15,11.86,,,,,,
18-Nov-05,T,0,OM,9-12,46.56,73.78,55.35,8.79,,20,1,22,43,46.51,2.33,51.16,71,11,28,110,T,0
18-Nov-05,T,0,OM,12-15,46.12,70.05,58.91,12.79,,29,0,2,31,93.55,0,6.45,442,25,146,613,,
18-Nov-05,T,0,Min,,44.07,82.56,73.25,29.18,,28,0,7,35,80,0,20,28,0,7,35,,
18-Nov-05,T,E,OM,0-3,46.36,59.57,49.39,3.03,1,138,15,30,183,75.41,8.2,16.39,,,,,,
18-Nov-05,T,E,OM,3-6,45.86,59.02,50.89,5.03,,75,13,4,92,81.52,14.13,4.35,,,,,,
18-Nov-05,T,E,OM,6-9,43.02,59.13,46.95,3.93,,66,2,1,69,95.65,2.9,1.45,138,15,30,183,T,E
18-Nov-05,T,E,OM,9-12,45.66,70.68,53.35,7.69,,32,3,4,39,82.05,7.69,10.26,311,33,39,383,,
18-Nov-05,T,E,Min,,45.62,94.19,79.41,33.79,,53,7,16,76,69.74,9.21,21.05,53,7,16,76,,
18-Nov-05,T,10,OM,0-3,45.28,69.76,50.92,5.64,2,262,36,100,398,65.83,9.05,25.13,,,,,,
18-Nov-05,T,10,OM,3-6,43.04,65.59,49.95,6.91,,103,19,17,139,74.1,13.67,12.23,262,36,100,398,T,10
18-Nov-05,T,10,OM,6-9,43.62,70.14,51.18,7.56,,101,16,31,148,68.24,10.81,20.95,466,71,148,685,,
18-Nov-05,T,10,Min,,45.16,91.35,80.4,35.24,,8,0,0,8,100,0,0,8,0,0,8,,
18-Nov-05,T,20,mix,0-3,44.44,64.71,49.66,5.22,2,11,1,7,19,57.89,5.26,36.84,,,,,,
18-Nov-05,T,20,mix,3-6,45.34,74.25,51.95,6.61,,100,2,15,117,85.47,1.71,12.82,11,1,7,19,T,20
18-Nov-05,T,20,mix,6-9,45.81,61.63,56.08,10.27,,29,5,18,52,55.77,9.62,34.62,140,8,40,188,,
18-Nov-05,T,20,Min,,43.56,84.17,73.33,29.77,,12,0,3,15,80,0,20,12,0,3,15,,
18-Nov-05,T,30,mix,0-3,44.67,69.92,58.53,13.86,4,60,2,8,70,85.71,2.86,11.43,,,,,,
18-Nov-05,T,30,mix,3-6,46.47,72.53,60.02,13.55,,63,2,27,92,68.48,2.17,29.35,60,2,8,70,T,30
18-Nov-05,T,30,mix,6-9,44.14,68.99,57.78,13.64,,34,2,5,41,82.93,4.88,12.2,157,6,40,203,,
18-Nov-05,T,30,Min,,46.22,67.54,60.36,14.14,,4,0,1,5,80,0,20,4,0,1,5,,
18-Nov-05,D,0,OM,0-3,44.05,64.84,48.74,4.69,2,118,14,42,174,67.82,8.05,24.14,,,,,,
18-Nov-05,D,0,OM,3-6,44.83,63.59,49.4,4.57,,123,26,22,171,71.93,15.2,12.87,,,,,,
18-Nov-05,D,0,mix,6-9,44.98,67.28,50.97,5.99,,160,18,11,189,84.66,9.52,5.82,118,14,42,174,D,0
18-Nov-05,D,0,mix,9-12,44.11,67,51.29,7.18,,97,6,12,115,84.35,5.22,10.43,498,64,87,649,,
18-Nov-05,D,0,Min,,44.12,84.02,66.94,22.82,,43,8,20,71,60.56,11.27,28.17,43,8,20,71,,
18-Nov-05,D,E,OM,0-3,45.79,65.99,52.06,6.27,3,151,16,29,196,77.04,8.16,14.8,,,,,,
18-Nov-05,D,E,mix,3-6,45.01,73.3,59.02,14.01,,75,1,10,86,87.21,1.16,11.63,,,,,,
18-Nov-05,D,E,mix,6-9,44.53,77.49,63.57,19.04,,22,4,7,33,66.67,12.12,21.21,,,,,,
18-Nov-05,D,E,mix,9-12,46.24,82.76,68.67,22.43,,4,1,9,14,28.57,7.14,64.29,151,16,29,196,D,E
18-Nov-05,D,E,mix,12-15,45.75,84.61,67.16,21.41,,20,6,10,36,55.56,16.67,27.78,272,28,65,365,,
18-Nov-05,D,E,Min,,43.36,105.05,81.41,38.05,,21,12,6,39,53.85,30.77,15.38,21,12,6,39,,
18-Nov-05,D,10,mix,0-3,45.82,84.27,67.16,21.34,5,7,0,10,17,41.18,0,58.82,,,,,,
18-Nov-05,D,10,mix,3-6,45.08,81.19,64.96,19.88,,4,0,1,5,80,0,20,7,0,10,17,D,10
18-Nov-05,D,10,mix,6-9,44.52,68.62,56.47,11.95,,10,1,18,29,34.48,3.45,62.07,21,1,29,51,,
18-Nov-05,D,10,Min,,46.57,86.91,62,15.43,,0,0,0,0,0,0,0,0,0,0,0,,
18-Nov-05,D,20,mix,0-3,46.3,74.67,56.44,10.14,4,50,1,7,58,86.21,1.72,12.07,,,,,,
18-Nov-05,D,20,mix,3-6,78.5,99.26,87.61,9.11,,35,3,0,38,92.11,7.89,0,,,,,,
18-Nov-05,D,20,mix,6-9,45.95,68.9,54.68,8.73,,40,4,7,51,78.43,7.84,13.73,50,1,7,58,D,20
18-Nov-05,D,20,mix,9-12,44.04,69.41,53.34,9.3,,18,4,3,25,72,16,12,143,12,17,172,,
18-Nov-05,D,20,Min,,45.93,78.1,55.17,9.24,,70,5,7,82,85.37,6.1,8.54,70,5,7,82,,
18-Nov-05,D,30,mix,0-3,46.06,68.93,53.45,7.39,2-wood,95,17,9,121,78.51,14.05,7.44,,,,,,
18-Nov-05,D,30,mix,3-6,45.36,73.37,53.09,7.73,,125,17,14,156,80.13,10.9,8.97,,,,,,
18-Nov-05,D,30,mix,6-9,45.09,69.76,51.42,6.33,,158,10,5,173,91.33,5.78,2.89,95,17,9,121,D,30
18-Nov-05,D,30,mix,9-12,43.83,68.64,51.1,7.27,wood,139,8,17,164,84.76,4.88,10.37,517,52,45,614,,
18-Nov-05,D,30,Min,,45.59,73.06,60.09,14.5,,120,11,21,152,78.95,7.24,13.82,120,11,21,152,,
18-Nov-05,E,0,OM,0-3,46.02,60.45,52.22,6.2,1,106,13,19,138,76.81,9.42,13.77,,,,,,
18-Nov-05,E,0,OM,3-6,43.59,53.94,46.5,2.91,,129,21,38,188,68.62,11.17,20.21,,,,,,
18-Nov-05,E,0,OM,6-9,46.04,62.3,50.24,4.2,,188,25,39,252,74.6,9.92,15.48,106,13,19,138,E,0
18-Nov-05,E,0,OM,9-12,46.05,55.21,47.47,1.42,,51,10,19,80,63.75,12.5,23.75,474,69,115,658,,
18-Nov-05,E,0,Min,,42.98,82.18,71.94,28.96,,7,1,11,19,36.84,5.26,57.89,7,1,11,19,,
18-Nov-05,E,E,OM,0-3,44.39,63.62,49.99,5.6,1,200,36,64,300,66.67,12,21.33,200,36,64,300,E,E
18-Nov-05,E,E,OM,3-6,45.1,86.63,66.86,21.76,,58,7,19,84,69.05,8.33,22.62,258,43,83,384,,
18-Nov-05,E,E,Min,,44.54,91.35,76.27,31.73,,56,14,12,82,68.29,17.07,14.63,56,14,12,82,,
18-Nov-05,E,10,OM,0-3,42.92,60.71,47.7,4.78,1,192,19,31,242,79.34,7.85,12.81,,,,,,
18-Nov-05,E,10,OM,3-6,44.59,64.42,48.86,4.27,,52,12,13,77,67.53,15.58,16.88,,,,,,
18-Nov-05,E,10,OM,6-9,44.86,69.03,50.8,5.94,wood,53,17,77,147,36.05,11.56,52.38,,,,,,
18-Nov-05,E,10,OM,9-12,46.08,75.04,52.92,6.84,wood,52,2,8,62,83.87,3.23,12.9,,,,,,
18-Nov-05,E,10,OM,12-15,41.05,67.41,47.96,6.91,wood,144,19,14,177,81.36,10.73,7.91,,,,,,
18-Nov-05,E,10,OM,15-18,45.1,73.18,51.7,6.6,wood,23,0,4,27,85.19,0,14.81,192,19,31,242,E,10
18-Nov-05,E,10,OM,18-21,44.89,76.9,52.2,7.31,wood,14,1,10,25,56,4,40,338,51,126,515,,
18-Nov-05,E,20,mix,0-3,46.57,69.29,55.61,9.04,4,38,0,14,52,73.08,0,26.92,NO MIN,NO MIN,NO MIN,NO MIN,,
18-Nov-05,E,20,mix,3-6,45.9,74.79,57.68,11.78,,39,1,14,54,72.22,1.85,25.93,38,0,14,52,E,20
18-Nov-05,E,20,mix,6-9,44.36,53.74,48.38,4.02,,22,3,5,30,73.33,10,16.67,99,4,33,136,,
18-Nov-05,E,20,Min,,43.39,79.84,71.17,27.78,,9,2,3,14,64.29,14.29,21.43,9,2,3,14,,
18-Nov-05,E,30,OM,0-3,45.12,56.72,50.04,4.92,1,45,2,17,64,70.31,3.13,26.56,,,,,,
18-Nov-05,E,30,OM,3-6,44.52,58.69,48.2,3.68,,90,13,13,116,77.59,11.21,11.21,45,2,17,64,E,30
18-Nov-05,E,30,OM,6-9,45.15,78.9,61.96,16.81,some min,9,3,25,37,24.32,8.11,67.57,144,18,55,217,,
18-Nov-05,E,30,min,,43.98,78.66,68.93,24.95,,34,6,21,61,55.74,9.84,34.43,34,6,21,61,,
23-Nov-05,B,0,Om,0-3,45.27,58.29,48.49,3.22,1,177,9,46,232,76.29,3.88,19.83,,,,,,
23-Nov-05,B,0,Om,3-6,42.49,63.23,46.95,4.46,,116,6,52,174,66.67,3.45,29.89,,,,,,
23-Nov-05,B,0,Om,6-9,46.47,70.26,51.26,4.79,wood,54,1,10,65,83.08,1.54,15.38,,,,,,
23-Nov-05,B,0,Om,9-12,46.56,66.55,50.55,3.99,wood,34,0,7,41,82.93,0,17.07,,,,,,
23-Nov-05,B,0,Om,12-15,46.12,71.88,49.67,3.55,wood,21,1,9,31,67.74,3.23,29.03,177,9,46,232,B,0
23-Nov-05,B,0,Om,15-18,44.07,70.86,51.1,7.03,wood,24,1,2,27,88.89,3.7,7.41,426,18,126,570,,
23-Nov-05,B,E,Om,0-3,46.36,65.77,51.5,5.14,,166,18,78,262,63.36,6.87,29.77,NO MIN,NO MIN,NO MIN,NO MIN,,
23-Nov-05,B,E,Om,3-6,45.86,75.08,52.72,6.86,1,45,2,24,71,63.38,2.82,33.8,,,,,,
23-Nov-05,B,E,Om,6-9,43.02,74.25,49.98,6.96,,19,9,7,35,54.29,25.71,20,,,,,,
23-Nov-05,B,E,Om,9-12,45.66,68.6,51.51,5.85,,21,3,4,28,75,10.71,14.29,166,18,78,262,B,E
23-Nov-05,B,E,Om,12-15,45.62,64.33,50.29,4.67,,9,6,3,18,50,33.33,16.67,260,38,116,414,,
23-Nov-05,B,E,Min,,45.28,101.55,77.29,32.01,,8,0,7,15,53.33,0,46.67,8,0,7,15,,
23-Nov-05,B,10,Om,0-3,43.04,60.86,47,3.96,2,218,17,20,255,85.49,6.67,7.84,,,,,,
23-Nov-05,B,10,Om,3-6,43.62,71.63,50.48,6.86,,108,6,1,115,93.91,5.22,0.87,,,,,,
23-Nov-05,B,10,Om,6-9,45.16,75.22,51.54,6.38,wood,114,6,16,136,83.82,4.41,11.76,,,,,,
23-Nov-05,B,10,Om,9-12,44.44,67.46,50.2,5.76,wood,83,8,8,99,83.84,8.08,8.08,,,,,,
23-Nov-05,B,10,Om,12-15,45.34,71.1,52.82,7.48,,127,4,11,142,89.44,2.82,7.75,218,17,20,255,B,10
23-Nov-05,B,10,Om,15-18,45.81,82.15,54.01,8.2,,70,2,11,83,84.34,2.41,13.25,720,43,67,830,,
23-Nov-05,B,10,MIn,,43.56,67.3,53.92,10.36,,4,0,1,5,80,0,20,4,0,1,5,,
23-Nov-05,B,20,Om,0-3,44.67,69.15,48.82,4.15,3,13,1,0,14,92.86,7.14,0,,,,,,
23-Nov-05,B,20,Om,3-6,46.47,75.89,54.13,7.66,,7,1,1,9,77.78,11.11,11.11,,,,,,
23-Nov-05,B,20,mix,6-9,44.14,72.86,53.67,9.53,,35,6,6,47,74.47,12.77,12.77,,,,,,
23-Nov-05,B,20,mix,9-12,46.22,77.53,58.8,12.58,,40,1,10,51,78.43,1.96,19.61,,,,,,
23-Nov-05,B,20,mix,12-15,44.05,75.88,55.96,11.91,,20,2,7,29,68.97,6.9,24.14,,,,,,
23-Nov-05,B,20,mix,15-18,44.83,74.16,53.68,8.85,,86,5,7,98,87.76,5.1,7.14,13,1,0,14,B,20
23-Nov-05,B,20,mix,18-21,44.98,73.9,56.49,11.51,,25,3,3,31,80.65,9.68,9.68,226,19,34,279,,
23-Nov-05,B,30,mix,0-3,44.11,89,68.99,24.88,5,2,0,4,6,33.33,0,66.67,NO MIN,NO MIN,NO MIN,NO MIN,,
23-Nov-05,B,30,mix,3-6,44.12,67.8,57.32,13.2,,1,0,1,2,50,0,50,2,0,4,6,B,30
23-Nov-05,B,30,Min,,45.79,116.06,86.02,40.23,,4,0,1,5,80,0,20,3,0,5,8,,
23-Nov-05,L,0,Om,0-3,45.01,65.73,51.49,6.48,1,113,24,40,177,63.84,13.56,22.6,4,0,1,5,,
23-Nov-05,L,0,Om,3-6,44.53,66.24,50.46,5.93,,162,13,14,189,85.71,6.88,7.41,,,,,,
23-Nov-05,L,0,Om,6-9,46.24,60.87,50.43,4.19,,50,10,18,78,64.1,12.82,23.08,113,24,40,177,L,0
23-Nov-05,L,0,Om,9-12,45.75,91.12,70.81,25.06,,41,4,6,51,80.39,7.84,11.76,366,51,78,495,,
23-Nov-05,L,0,Min,,43.36,94,82.59,39.23,,17,0,3,20,85,0,15,17,0,3,20,,
23-Nov-05,L,E,Om,0-3,45.82,67.64,52.04,6.22,2,57,8,7,72,79.17,11.11,9.72,,,,,,
23-Nov-05,L,E,Om,3-6,45.08,66.58,54.26,9.18,,34,4,9,47,72.34,8.51,19.15,57,8,7,72,L,E
23-Nov-05,L,E,Om,6-9,44.52,64.96,51.6,7.08,,42,5,18,65,64.62,7.69,27.69,133,17,34,184,,
23-Nov-05,L,E,Min,,46.57,89.15,80.83,34.26,,35,0,20,55,63.64,0,36.36,35,0,20,55,,
23-Nov-05,L,10,mix,0-3,46.3,71.13,59.27,12.97,4,49,6,18,73,67.12,8.22,24.66,49,6,18,73,L,10
23-Nov-05,L,10,mix,3-6,78.5,107.2,93.71,15.21,,23,2,9,34,67.65,5.88,26.47,72,8,27,107,,
23-Nov-05,L,10,Min,,45.95,100.75,89.66,43.71,,53,2,13,68,77.94,2.94,19.12,53,2,13,68,,
23-Nov-05,L,20,mix,0-3,44.04,63.23,52.49,8.45,03-Apr,64,7,29,100,64,7,29,,,,,,
23-Nov-05,L,20,mix,3-6,45.93,67.2,57.92,11.99,,77,12,12,101,76.24,11.88,11.88,,,,,,
23-Nov-05,L,20,mix,6-9,46.06,72.68,64.81,18.75,,19,3,13,35,54.29,8.57,37.14,64,7,29,100,L,20
23-Nov-05,L,20,mix,9-12,45.36,66.21,58.88,13.52,,21,2,18,41,51.22,4.88,43.9,181,24,72,277,,
23-Nov-05,L,20,Min,,45.09,82.7,74.95,29.86,,2,0,6,8,25,0,75,2,0,6,8,,
23-Nov-05,L,30,mix,0-3,43.83,81.39,68.5,24.67,4,30,6,11,47,63.83,12.77,23.4,,,,,,
23-Nov-05,L,30,mix,3-6,45.59,86.68,70.93,25.34,,40,4,17,61,65.57,6.56,27.87,30,6,11,47,L,30
23-Nov-05,L,30,mix,6-9,46.02,77.55,66.06,20.04,,42,3,24,69,60.87,4.35,34.78,112,13,52,177,,
23-Nov-05,L,30,Min,,43.59,77.58,71.06,27.47,,2,1,8,11,18.18,9.09,72.73,2,1,8,11,,
23-Nov-05,A,0,Om,0-3,46.04,60.31,50.55,4.51,1,128,16,28,172,74.42,9.3,16.28,,,,,,
23-Nov-05,A,0,Om,3-6,46.05,55.36,47.15,1.1,,120,12,39,171,70.18,7.02,22.81,,,,,,
23-Nov-05,A,0,Om,6-9,42.98,70.2,55.31,12.33,,109,15,55,179,60.89,8.38,30.73,128,16,28,172,A,0
23-Nov-05,A,0,Om,9-12,44.39,67.68,52.91,8.52,,54,12,19,85,63.53,14.12,22.35,411,55,141,607,,
23-Nov-05,A,0,Min,,45.1,91.04,72.85,27.75,,17,4,17,38,44.74,10.53,44.74,17,4,17,38,,
23-Nov-05,A,E,mix,0-3,44.54,59.26,50.09,5.55,3,205,11,64,280,73.21,3.93,22.86,,,,,,
23-Nov-05,A,E,mix,3-6,42.92,68,56.9,13.98,,180,7,28,215,83.72,3.26,13.02,,,,,,
23-Nov-05,A,E,mix,6-9,44.59,72.04,53.8,9.21,,59,6,20,85,69.41,7.06,23.53,,,,,,
23-Nov-05,A,E,mix,9-12,44.86,91.99,75.48,30.62,,91,14,85,190,47.89,7.37,44.74,,,,,,
23-Nov-05,A,E,mix,12-15,46.08,77.88,67.71,21.63,,29,6,28,63,46.03,9.52,44.44,205,11,64,280,A,E
23-Nov-05,A,E,mix,15-18,41.05,78.14,63.36,22.31,,30,2,11,43,69.77,4.65,25.58,594,46,236,876,,
23-Nov-05,A,E,Min,,45.1,119.52,106.6,61.5,,22,3,17,42,52.38,7.14,40.48,22,3,17,42,,
23-Nov-05,A,10,mix,0-3,44.89,63.17,51.08,6.19,3,65,7,13,85,76.47,8.24,15.29,65,7,13,85,A,10
23-Nov-05,A,10,mix,3-6,46.57,67.08,52.52,5.95,,97,6,15,118,82.2,5.08,12.71,162,13,28,203,,
23-Nov-05,A,10,Min,,45.9,89.31,66.24,20.34,,8,0,3,11,72.73,0,27.27,8,0,3,11,,
23-Nov-05,A,20,Om,0-3,44.36,70.85,51.38,7.02,1,87,15,19,121,71.9,12.4,15.7,,,,,,
23-Nov-05,A,20,Om,3-6,43.39,69.4,50.06,6.67,,85,20,17,122,69.67,16.39,13.93,,,,,,
23-Nov-05,A,20,Om,6-9,45.12,72.15,51.6,6.48,,43,6,12,61,70.49,9.84,19.67,,,,,,
23-Nov-05,A,20,Om,9-12,44.52,81.54,55.61,11.09,,5,1,5,11,45.45,9.09,45.45,,,,,,
23-Nov-05,A,20,Om,12-15,45.15,75.32,53.58,8.43,,20,1,5,26,76.92,3.85,19.23,87,15,19,121,A,20
23-Nov-05,A,20,Om,15-18,43.98,76.64,51.57,7.59,,11,1,4,16,68.75,6.25,25,251,44,62,357,,
28-Nov-05,A,20,Min,,45.27,71.36,58.88,13.61,,5,0,2,7,71.43,0,28.57,,,,,,
28-Nov-05,A,30,OM,0-3,42.49,61.17,47.22,4.73,1,68,10,22,100,68,10,22,,,,,,
28-Nov-05,A,30,OM,3-6,46.47,80.37,57.84,11.37,,10,0,5,15,66.67,0,33.33,,,,,,
28-Nov-05,A,30,OM,6-9,46.56,67.42,51.39,4.83,,49,0,8,57,85.96,0,14.04,,,,,,
28-Nov-05,A,30,OM,9-12,46.12,76.36,52.79,6.67,,21,0,3,24,87.5,0,12.5,,,,,,
28-Nov-05,A,30,OM,12-15,44.07,73.63,52.38,8.31,,12,1,1,14,85.71,7.14,7.14,,,,,,
28-Nov-05,A,30,OM,15-18,46.36,85.74,55.99,9.63,,16,1,5,22,72.73,4.55,22.73,68,10,22,100,A,30
28-Nov-05,A,30,OM,18-21,45.86,69.11,52.6,6.74,,11,0,2,13,84.62,0,15.38,187,12,46,245,,
28-Nov-05,A,30,Min,,43.02,92.56,73.09,30.07,,0,0,0,0,0,0,0,0,0,0,0,,
28-Nov-05,P,0,OM,0-3,45.66,70.03,52.26,6.6,1,210,26,56,292,71.92,8.9,19.18,,,,,,
28-Nov-05,P,0,OM,3-6,45.62,71.06,51.87,6.25,,90,20,32,142,63.38,14.08,22.54,,,,,,
28-Nov-05,P,0,OM,6-9,45.28,70.72,51.58,6.3,,28,7,13,48,58.33,14.58,27.08,210,26,56,292,P,0
28-Nov-05,P,0,OM,9-12,43.04,76.14,54.86,11.82,,14,1,4,19,73.68,5.26,21.05,342,54,105,501,,
28-Nov-05,P,0,Min,,43.62,78.2,66.86,23.24,,1,0,4,5,20,0,80,1,0,4,5,,
28-Nov-05,P,E,OM,0-3,45.16,64.8,53.7,8.54,1,98,11,29,138,71.01,7.97,21.01,,,,,,
28-Nov-05,P,E,OM,3-6,44.44,54.89,47.43,2.99,,167,24,26,217,76.96,11.06,11.98,98,11,29,138,P,E
28-Nov-05,P,E,OM,6-9,45.34,73.99,58.99,13.65,,122,37,14,173,70.52,21.39,8.09,387,72,69,528,,
28-Nov-05,P,E,Min,,45.81,95.59,81.09,35.28,,55,4,3,62,88.71,6.45,4.84,55,4,3,62,,
28-Nov-05,P,10,mix,0-3,43.56,66.77,52.75,9.19,3,105,7,12,124,84.68,5.65,9.68,,,,,,
28-Nov-05,P,10,mix,3-6,44.67,64.96,52.9,8.23,,57,3,8,68,83.82,4.41,11.76,105,7,12,124,P,10
28-Nov-05,P,10,mix,6-9,46.47,65.34,54.7,8.23,,46,5,8,59,77.97,8.47,13.56,208,15,28,251,,
28-Nov-05,P,10,Min,,44.14,104.54,88.81,44.67,,30,4,5,39,76.92,10.26,12.82,30,4,5,39,,
28-Nov-05,P,20,mix,0-3,46.22,72.83,51.63,5.41,4,27,2,5,34,79.41,5.88,14.71,,,,,,
28-Nov-05,P,20,mix,3-6,44.05,81.83,53.71,9.66,,25,2,11,38,65.79,5.26,28.95,,,,,,
28-Nov-05,P,20,mix,6-9,44.83,73.85,55.3,10.47,,13,0,2,15,86.67,0,13.33,,,,,,
28-Nov-05,P,20,mix,9-12,44.98,75.55,54.84,9.86,,34,0,9,43,79.07,0,20.93,,,,,,
28-Nov-05,P,20,mix,12-15,44.11,72.83,57.68,13.57,,111,0,15,126,88.1,0,11.9,27,2,5,34,P,20
28-Nov-05,P,20,mix,15-18,44.12,81.83,60.27,16.15,,26,0,5,31,83.87,0,16.13,236,4,47,287,,
28-Nov-05,P,20,Min,,45.79,82.74,64.64,18.85,,33,0,13,46,71.74,0,28.26,33,0,13,46,,
28-Nov-05,P,30,OM,0-3,45.01,65.59,50.87,5.86,3,85,9,39,133,63.91,6.77,29.32,,,,,,
28-Nov-05,P,30,OM,3-6,44.53,78.65,60.12,15.59,,29,7,18,54,53.7,12.96,33.33,85,9,39,133,P,30
28-Nov-05,P,30,mix,6-9,46.24,62.76,54.96,8.72,,15,3,9,27,55.56,11.11,33.33,129,19,66,214,,
28-Nov-05,P,30,Min,,45.75,92.21,80.19,34.44,,11,0,2,13,84.62,0,15.38,11,0,2,13,,
28-Nov-05,S,10,mix,0-3,43.36,73.69,52.93,9.57,4,12,4,7,23,52.17,17.39,30.43,,,,,,
28-Nov-05,S,10,mix,3-6,45.82,84.05,57.58,11.76,,27,3,10,40,67.5,7.5,25,,,,,,
28-Nov-05,S,10,mix,6-9,45.08,76.35,56.54,11.46,,14,3,11,28,50,10.71,39.29,,,,,,
28-Nov-05,S,10,mix,9-12,44.52,71.46,56.83,12.31,,72,9,11,92,78.26,9.78,11.96,,,,,,
28-Nov-05,S,10,mix,12-15,46.57,73.44,56.04,9.47,,59,6,17,82,71.95,7.32,20.73,,,,,,
28-Nov-05,S,10,mix,15-18,46.3,70.73,55.93,9.63,,49,7,18,74,66.22,9.46,24.32,,,,,,
28-Nov-05,S,10,mix,18-21,78.5,104.13,89,10.5,,63,5,13,81,77.78,6.17,16.05,,,,,,
28-Nov-05,S,10,mix,21-24,45.95,67.09,53.52,7.57,,40,6,17,63,63.49,9.52,26.98,,,,,,
28-Nov-05,S,10,mix,24-27,44.04,64.19,51.91,7.87,,34,3,9,46,73.91,6.52,19.57,12,4,7,23,S,10
28-Nov-05,S,10,mix,27-30,45.93,62.21,52.95,7.02,,24,1,4,29,82.76,3.45,13.79,394,47,117,558,,
28-Nov-05,S,20,Min,,46.06,101.27,85.93,39.87,,9,1,8,18,50,5.56,44.44,9,1,8,18,S,20!
28-Nov-05,S,30,OM,0-3,45.36,72.23,52.46,7.1,1,178,51,16,245,72.65,20.82,6.53,,,,,,
28-Nov-05,S,30,OM,3-6,45.09,67.63,50.17,5.08,,197,12,13,222,88.74,5.41,5.86,,,,,,
28-Nov-05,S,30,OM,6-9,43.83,72.55,51.86,8.03,,49,1,5,55,89.09,1.82,9.09,,,,,,
28-Nov-05,S,30,OM,9-12,45.59,75.41,53.29,7.7,,71,5,3,79,89.87,6.33,3.8,178,51,16,245,S,30
28-Nov-05,S,30,OM,12-15,46.02,66.87,51.97,5.95,,28,1,6,35,80,2.86,17.14,523,70,43,636,,
28-Nov-05,S,30,Min,,43.59,84.67,68.75,25.16,,18,0,7,25,72,0,28,18,0,7,25,,
28-Nov-05,A,15,Min,,46.04,76.27,60.8,14.76,,,,,,,,,,,,,,
28-Nov-05,P,15,Min,,46.05,75.87,53.7,7.65,wood,,,,,,,,,,,,,
28-Nov-05,D,15,OM,0-3,42.98,75.16,56.55,13.57,2,,,,,,,,,,,,,
28-Nov-05,D,15,OM,3-6,44.39,69.52,53.32,8.93,,,,,,,,,,,,,,
28-Nov-05,D,15,OM,6-9,45.1,70.67,56.37,11.27,,,,,,,,,,,,,,
28-Nov-05,D,15,OM,9-12,44.54,62.07,50.09,5.55,,,,,,,,,,,,,,
28-Nov-05,D,15,OM,12-15,42.92,64.39,49.6,6.68,,,,,,,,,,,,,,
28-Nov-05,D,15,Min,,44.59,98.29,75.86,31.27,,,,,,,,,,,,,,
28-Nov-05,D,5,mix,0-3,44.86,82.26,58.06,13.2,4,,,,,,,,,,,,,
28-Nov-05,D,5,mix,3-6,46.08,81.34,62.26,16.18,,,,,,,,,,,,,,
28-Nov-05,D,5,mix,6-9,41.05,63.28,48.97,7.92,,,,,,,,,,,,,,
28-Nov-05,D,5,mix,9-12,45.1,66.02,52.58,7.48,,,,,,,,,,,,,,
28-Nov-05,D,5,Min,,44.89,91.48,72.52,27.63,,,,,,,,,,,,,,
28-Nov-05,T,15,mix,0-3,46.57,83.84,56.51,9.94,3,,,,,,,,,,,,,
28-Nov-05,T,15,mix,3-6,45.9,83.2,56.09,10.19,,,,,,,,,,,,,,
28-Nov-05,T,15,mix,6-9,44.36,72.78,52.84,8.48,,,,,,,,,,,,,,
28-Nov-05,T,15,mix,9-12,43.39,74.74,51.84,8.45,,,,,,,,,,,,,,
28-Nov-05,T,15,mix,12-15,45.12,70.14,52.6,7.48,,,,,,,,,,,,,,
28-Nov-05,T,15,mix,15-18,44.52,69.85,52.37,7.85,,,,,,,,,,,,,,
28-Nov-05,T,15,mix,18-21,45.15,66.1,51.18,6.03,,,,,,,,,,,,,,
28-Nov-05,T,5,Min,,43.98,72.76,64.94,20.96,,,,,,,,,,,,,,
02-Dec-05,L,5,mix,0-3,45.27,79.03,59.83,14.56,4,,,,,,,,,,,,,
02-Dec-05,L,5,mix,3-6,42.49,69.48,50.57,8.08,,,,,,,,,,,,,,
02-Dec-05,,,,,,,,,,,,,,,,,,,,,,
02-Dec-05,L,5,mix,6-9,46.47,79.56,56.84,10.37,,,,,,,,,,,,,,
02-Dec-05,L,5,mix,9-12,46.56,74.3,57.66,11.1,,,,,,,,,,,,,,
02-Dec-05,L,5,mix,12-15,46.12,74.92,56.15,10.03,,,,,,,,,,,,,,
02-Dec-05,L,5,mix,15-18,44.07,80.43,60.82,16.75,,,,,,,,,,,,,,
02-Dec-05,L,5,mix,18-21,46.36,62.5,52.33,5.97,,,,,,,,,,,,,,
02-Dec-05,L,5,Min,,45.86,87.36,75.13,29.27,,,,,,,,,,,,,,
02-Dec-05,L,15,OM,0-3,43.02,55.43,47.35,4.33,2,,,,,,,,,,,,,
02-Dec-05,L,15,OM,3-6,45.66,60.22,50.18,4.52,,,,,,,,,,,,,,
02-Dec-05,L,15,OM,6-9,45.62,65.6,52.22,6.6,,,,,,,,,,,,,,
02-Dec-05,L,15,OM,9-12,45.28,56.39,49.62,4.34,,,,,,,,,,,,,,
02-Dec-05,L,15,Min,,43.04,93.02,77.56,34.52,,,,,,,,,,,,,,
02-Dec-05,P,5,mix,0-3,43.62,73.77,56.42,12.8,4,,,,,,,,,,,,,
02-Dec-05,P,5,mix,3-6,45.16,79.44,64.25,19.09,,,,,,,,,,,,,,
02-Dec-05,P,5,mix,6-9,44.44,65.4,56.35,11.91,,,,,,,,,,,,,,
02-Dec-05,P,5,Min,,45.34,84.1,72.52,27.18,,,,,,,,,,,,,,
02-Dec-05,A,5,OM,0-3,45.81,71.18,51.95,6.14,1,,,,,,,,,,,,,
02-Dec-05,A,5,OM,3-6,43.56,64.68,48.15,4.59,wood,,,,,,,,,,,,,
02-Dec-05,A,5,OM,6-9,44.67,69.04,50.4,5.73,wood,,,,,,,,,,,,,
02-Dec-05,A,5,OM,9-12,46.47,73.37,52.75,6.28,wood,,,,,,,,,,,,,
02-Dec-05,A,5,OM,12-15,44.14,67.3,53.94,9.8,wood,,,,,,,,,,,,,
02-Dec-05,A,5,Min,,46.22,82.33,69.45,23.23,,,,,,,,,,,,,,
02-Dec-05,B,15,mix,0-3,44.05,69.47,50.02,5.97,3 or 4,,,,,,,,,,,,,
02-Dec-05,B,15,mix,3-6,44.83,80.94,56.1,11.27,,,,,,,,,,,,,,
02-Dec-05,B,15,mix,6-9,44.98,86.83,56.47,11.49,,,,,,,,,,,,,,
02-Dec-05,B,15,Min,,44.11,93.73,76.83,32.72,,,,,,,,,,,,,,
02-Dec-05,B,5,mix,0-3,44.12,86.95,69.07,24.95,4,,,,,,,,,,,,,
02-Dec-05,B,5,mix,3-6,45.79,79.2,62.73,16.94,,,,,,,,,,,,,,
02-Dec-05,B,5,Min,,45.01,94.04,79.57,34.56,,,,,,,,,,,,,,
02-Dec-05,P,15,mix,0-3,44.53,90.55,60.8,16.27,4,,,,,,,,,,,,,
02-Dec-05,P,15,mix,3-6,46.24,84.69,57.23,10.99,,,,,,,,,,,,,,
02-Dec-05,P,15,mix,6-9,45.75,75.5,55.76,10.01,,,,,,,,,,,,,,
02-Dec-05,A,15,mix,0-3,43.36,73.78,52.05,8.69,3,,,,,,,,,,,,,
02-Dec-05,A,15,mix,3-6,45.82,92.43,67.08,21.26,,,,,,,,,,,,,,
02-Dec-05,A,15,mix,6-9,45.08,77.19,56.57,11.49,,,,,,,,,,,,,,
02-Dec-05,A,15,mix,9-12,44.52,73.96,57.52,13,,,,,,,,,,,,,,
02-Dec-05,T,5,mix,0-3,46.57,81.58,60.77,14.2,4,,,,,,,,,,,,,
02-Dec-05,T,5,mix,3-6,46.3,82.04,65.59,19.29,,,,,,,,,,,,,,
02-Dec-05,T,5,mix,6-9,78.5,111.97,90.16,11.66,,,,,,,,,,,,,,
02-Dec-05,C,5,OM,0-3,45.95,77.51,58.42,12.47,3,,,,,,,,,,,,,
02-Dec-05,C,5,mix,3-6,44.04,65.77,54.14,10.1,,,,,,,,,,,,,,
02-Dec-05,C,5,mix,6-9,45.93,70.69,55.76,9.83,,,,,,,,,,,,,,
02-Dec-05,C,5,Min,,46.06,75.63,64.26,18.2,,,,,,,,,,,,,,
02-Dec-05,C,15,OM,0-3,45.36,66.02,52.73,7.37,2,,,,,,,,,,,,,
02-Dec-05,C,15,OM,3-6,45.09,62.62,51.09,6,,,,,,,,,,,,,,
02-Dec-05,C,15,OM,6-9,43.83,76.07,56.18,12.35,,,,,,,,,,,,,,
02-Dec-05,C,15,OM,9-12,45.59,73.11,55.85,10.26,,,,,,,,,,,,,,
02-Dec-05,C,15,Min,,46.02,69.99,60.76,14.74,,,,,,,,,,,,,,
02-Dec-05,G,5,Min,,43.59,92.18,77.43,33.84,,,,,,,,,,,,,,
02-Dec-05,G,15,OM,0-3,46.04,64.29,51.83,5.79,1,,,,,,,,,,,,,
02-Dec-05,G,15,OM,3-6,46.05,65.04,48.89,2.84,,,,,,,,,,,,,,
02-Dec-05,G,15,OM,6-9,42.98,71.46,52.72,9.74,,,,,,,,,,,,,,
02-Dec-05,G,15,OM,9-12,44.39,65.81,50.26,5.87,,,,,,,,,,,,,,
02-Dec-05,G,15,OM,12-15,45.1,75.66,52.64,7.54,,,,,,,,,,,,,,
02-Dec-05,G,15,OM,15-18,44.54,72.57,52.3,7.76,,,,,,,,,,,,,,
02-Dec-05,G,15,OM,18-21,42.92,70.69,50.67,7.75,,,,,,,,,,,,,,
02-Dec-05,G,15,OM,21-14,44.59,79.09,54.32,9.73,,,,,,,,,,,,,,
02-Dec-05,G,15,OM,24-27,44.86,68.08,52,7.14,,,,,,,,,,,,,,
02-Dec-05,G,15,OM,27-30,46.08,65.46,52.84,6.76,,,,,,,,,,,,,,
02-Dec-05,I,5,OM,0-3,41.05,61.76,46.54,5.49,1,,,,,,,,,,,,,
02-Dec-05,I,5,OM,3-6,45.1,61.7,49.15,4.05,,,,,,,,,,,,,,
02-Dec-05,I,5,OM,6-9,44.89,68.27,51.24,6.35,,,,,,,,,,,,,,
02-Dec-05,I,5,OM,9-12,46.57,68.95,53.85,7.28,,,,,,,,,,,,,,
02-Dec-05,I,5,OM,12-15,45.9,97,54.21,8.31,,,,,,,,,,,,,,
02-Dec-05,I,5,Min,,44.36,90.58,78.05,33.69,,,,,,,,,,,,,,
02-Dec-05,I,15,OM,0-3,43.39,61.69,48.43,5.04,1,,,,,,,,,,,,,
02-Dec-05,I,15,OM,3-6,45.12,67.33,50.7,5.58,,,,,,,,,,,,,,
02-Dec-05,I,15,OM,6-9,44.52,69.1,51.29,6.77,,,,,,,,,,,,,,
02-Dec-05,I,15,OM,9-12,45.15,87.72,61.37,16.22,,,,,,,,,,,,,,
02-Dec-05,I,15,Min,,43.98,102.39,91.9,47.92,,,,,,,,,,,,,,
07-Dec-05,S,5,Om,0-3,45.27,64.34,49.98,4.71,1,,,,,,,,,,,,,
07-Dec-05,S,5,Om,3-6,42.49,64.15,46.96,4.47,,,,,,,,,,,,,,
07-Dec-05,,,,,,,,,,,,,,,,,,,,,,
07-Dec-05,S,5,Om,6-9,46.47,67.28,51.97,5.5,,,,,,,,,,,,,,
07-Dec-05,S,5,Om,9-12,46.56,87.75,55.4,8.84,,,,,,,,,,,,,,
07-Dec-05,S,5,Om,12-15,46.12,71.87,51,4.88,,,,,,,,,,,,,,
07-Dec-05,S,5,Min,,44.07,83.51,66.35,22.28,,,,,,,,,,,,,,
07-Dec-05,R,5,mix,0-3,46.36,76.89,61.75,15.39,3,,,,,,,,,,,,,
07-Dec-05,R,5,mix,3-6,45.86,71.22,58.96,13.1,,,,,,,,,,,,,,
07-Dec-05,R,5,mix,6-9,43.02,63.4,52.85,9.83,,,,,,,,,,,,,,
07-Dec-05,R,5,Min,,45.66,116.32,108.47,62.81,,,,,,,,,,,,,,
07-Dec-05,E,5,Om,0-3,45.62,69.8,51.74,6.12,1,,,,,,,,,,,,,
07-Dec-05,E,5,Om,3-6,45.28,69.22,51,5.72,,,,,,,,,,,,,,
07-Dec-05,E,5,Om,6-9,43.04,61.02,48.75,5.71,,,,,,,,,,,,,,
07-Dec-05,E,5,Om,9-12,43.62,64.68,50.52,6.9,,,,,,,,,,,,,,
07-Dec-05,E,5,Min,,45.16,92.92,74.91,29.75,,,,,,,,,,,,,,
07-Dec-05,E,15,Om,0-3,44.44,68.24,51.38,6.94,2,,,,,,,,,,,,,
07-Dec-05,E,15,Om,3-6,45.34,69.68,56.19,10.85,,,,,,,,,,,,,,
07-Dec-05,E,15,Min,,45.81,91.43,81.42,35.61,,,,,,,,,,,,,,
07-Dec-05,S,15,Om,0-3,43.56,67.95,49.75,6.19,1,,,,,,,,,,,,,
07-Dec-05,S,15,Om,3-6,44.67,70.43,50.47,5.8,,,,,,,,,,,,,,
07-Dec-05,S,15,Om,6-9,46.47,74.92,52.65,6.18,wood,,,,,,,,,,,,,
07-Dec-05,S,15,Om,9-12,44.14,72.2,51.62,7.48,wood,,,,,,,,,,,,,
07-Dec-05,S,15,Om,12-15,46.22,73.02,50.96,4.74,,,,,,,,,,,,,,
07-Dec-05,S,15,Min,,44.05,83.16,74.15,30.1,,,,,,,,,,,,,,
07-Dec-05,J,15,Om,0-3,44.83,72.73,53.74,8.91,2,,,,,,,,,,,,,
07-Dec-05,J,15,Om,3-6,44.98,73.75,54.97,9.99,,,,,,,,,,,,,,
07-Dec-05,J,15,Min,,44.11,92.17,77.23,33.12,1,,,,,,,,,,,,,
07-Dec-05,J,5,Om,0-3,44.12,68.65,50.71,6.59,,,,,,,,,,,,,,
07-Dec-05,J,5,Om,3-6,45.79,68.55,52.53,6.74,,,,,,,,,,,,,,
07-Dec-05,J,5,Om,6-9,45.01,77.89,58.06,13.05,,,,,,,,,,,,,,
07-Dec-05,J,5,min,,44.53,91.16,83.32,38.79,,,,,,,,,,,,,,
07-Dec-05,R,15,Om,0-3,46.24,64.67,53.9,7.66,1,,,,,,,,,,,,,
07-Dec-05,R,15,Om,3-6,45.75,81.76,56.32,10.57,,,,,,,,,,,,,,
07-Dec-05,R,15,Om,6-9,43.36,73,50.35,6.99,,,,,,,,,,,,,,
07-Dec-05,R,15,Om,9-12,45.82,66.09,50.94,5.12,,,,,,,,,,,,,,
07-Dec-05,R,15,MIn,,45.08,94.7,80.03,34.95,,,,,,,,,,,,,,
