DateIn,DateOut,Postition,Container,Plot,Distance,Type,DepthCM,WTholder,Wet+holder,Dry+holder,DryWT,,
31-Oct-05,04/11/2005,18A,23B,N,0,OM,0-3,45.27,62.89,54.2,8.93,1,
31-Oct-05,04-Nov-05,18B,103,N,0,OM,3-6,42.49,62.33,59.53,17.04,,
31-Oct-05,04-Nov-05,18C,not used,,,,,,,,,,
31-Oct-05,04-Nov-05,18D,4,N,0,OM,6-9,46.47,67.2,52.5,6.03,,
31-Oct-05,04-Nov-05,17A,2,N,0,OM,9-12,46.56,81.39,68.81,22.25,,
31-Oct-05,04-Nov-05,17B,1,N,0,Min,,46.12,92.11,83.4,37.28,,
31-Oct-05,04-Nov-05,17C,4A,N,E,OM,0-3,44.07,56.83,48.4,4.33,1,
31-Oct-05,04-Nov-05,17D,65,N,E,OM,3-6,46.36,76.41,48.1,1.74,,
31-Oct-05,04-Nov-05,16A,34,N,E,OM,6-9,45.86,65.62,54.7,8.84,,
31-Oct-05,04-Nov-05,16B,64,N,E,Min,,43.02,99.03,54.9,11.88,,
31-Oct-05,04-Nov-05,16C,56,N,5,OM,0-3,45.66,71.58,55.09,9.43,2,
31-Oct-05,04-Nov-05,16D,66,N,5,OM,3-6,45.62,72.76,56.1,10.48,,
31-Oct-05,04-Nov-05,15A,30,N,5,OM,6-9,45.28,79.72,56.38,11.1,,
31-Oct-05,04-Nov-05,15B,65,N,5,Min,,43.04,108.35,93.4,50.36,,
31-Oct-05,04-Nov-05,15C,54,N,10,OM,0-3,43.62,56.11,47.97,4.35,1,
31-Oct-05,04-Nov-05,15D,15,N,10,OM,3-6,45.16,64.54,52.33,7.17,,
31-Oct-05,04-Nov-05,14A,72,N,10,OM,6-9,44.44,63.5,50.3,5.86,,
31-Oct-05,04-Nov-05,14B,24,N,10,Min,,45.34,103.26,86.76,41.42,,
31-Oct-05,04-Nov-05,14C,2B,N,15,OM,0-3,45.81,66.55,52.86,7.05,1,
31-Oct-05,04-Nov-05,14D,7,N,15,OM,3-6,43.56,59.87,49.97,6.41,,
31-Oct-05,04-Nov-05,13A,1,N,15,OM,6-9,44.67,64.62,54.44,9.77,,
31-Oct-05,04-Nov-05,13B,62,N,15,Min,,46.47,78.49,62.53,16.06,,
31-Oct-05,04-Nov-05,13C,68,N,20,OM,0-3,44.14,66.75,53.85,9.71,1,
31-Oct-05,04-Nov-05,13D,53,N,20,OM,3-6,46.22,91.76,64.34,18.12,,
31-Oct-05,04-Nov-05,12A,35,N,20,OM,6-9,44.05,80.18,52.36,8.31,,
31-Oct-05,04-Nov-05,12B,28,N,20,OM,9-12,44.83,88.58,57.04,12.21,,
31-Oct-05,04-Nov-05,12C,56,N,20,OM,12-15,44.98,82.08,56.21,11.23,,
31-Oct-05,04-Nov-05,12D,60,N,20,OM,15-18,44.11,70.4,53.93,9.82,,wood
31-Oct-05,04-Nov-05,11A,58,N,20,OM,18-21,44.12,77.14,58.17,14.05,,wood
31-Oct-05,04-Nov-05,11B,62,N,20,OM,21-24,45.79,65.63,52.01,6.22,,wood
31-Oct-05,04-Nov-05,11C,40,N,20,OM,24-27,45.01,63.03,50.92,5.91,,wood
31-Oct-05,04-Nov-05,11D,15,N,20,Min,,44.53,60.65,51.15,6.62,,
31-Oct-05,04-Nov-05,10A,157,N,30,mix,0-3,46.24,82.62,64.93,18.69,3,
31-Oct-05,04-Nov-05,10B,62,N,30,mix,3-6,45.75,75.63,58.33,12.58,,
31-Oct-05,04-Nov-05,10C,57,N,30,mix,6-9,43.36,78.52,57.9,14.54,,
31-Oct-05,04-Nov-05,10D,22,N,30,mix,9-12,45.82,73.39,56.65,10.83,,
31-Oct-05,04-Nov-05,9A,37,N,30,mix,12-15,45.08,81.69,65.17,20.09,,
31-Oct-05,04-Nov-05,9B,107,N,30,Min,,44.52,97.61,79.68,35.16,,
31-Oct-05,04-Nov-05,9C,26,F,0,OM,0-3,46.57,69.19,53.82,7.25,1,
31-Oct-05,04-Nov-05,9D,63,F,0,OM,3-6,46.3,71.38,53.16,6.86,,
31-Oct-05,04-Nov-05,8A,6,F,0,OM,6-9,78.5,104.77,90.68,12.18,,
31-Oct-05,04-Nov-05,8B,A3,F,0,OM,9-12,45.95,76.46,61.68,15.73,,
31-Oct-05,04-Nov-05,8C,27,F,0,OM,12-15,44.04,66.66,56.22,12.18,,
31-Oct-05,04-Nov-05,8D,18A,F,0,Min,,45.93,80.62,66.94,21.01,,
31-Oct-05,04-Nov-05,7A,3B,F,E,OM,0-3,46.06,58.82,50.34,4.28,1,
31-Oct-05,04-Nov-05,7B,LO,F,E,OM,3-6,45.36,62.79,51.38,6.02,,
31-Oct-05,04-Nov-05,7C,5,F,E,OM,6-9,45.09,66.9,52.53,7.44,,
31-Oct-05,04-Nov-05,7D,102,F,E,OM,9-12,43.83,64.36,52.88,9.05,,
31-Oct-05,04-Nov-05,6A,5B,F,E,MIn,,45.59,112.33,96.3,50.71,,
31-Oct-05,04-Nov-05,6B,30C,F,5,OM,0-3,46.02,64,51.41,5.39,1,
31-Oct-05,04-Nov-05,6C,9B,F,5,OM,3-6,43.59,61.14,50.48,6.89,,
31-Oct-05,04-Nov-05,6D,6B,F,5,OM,6-9,46.04,76.86,53.01,6.97,,
31-Oct-05,04-Nov-05,5A,2,F,5,OM,9-12,46.05,71.72,55.41,9.36,,
31-Oct-05,04-Nov-05,5B,9A,F,5,OM,12-15,42.98,83.3,57.63,14.65,,
31-Oct-05,04-Nov-05,5C,B1,F,5,OM,18-21,44.39,55.32,58.79,14.4,,
31-Oct-05,04-Nov-05,5D,23,F,5,Min,,45.1,114.95,92.02,46.92,,
31-Oct-05,04-Nov-05,4A,70,F,10,OM,0-3,44.54,62.79,51.15,6.61,1,
31-Oct-05,04-Nov-05,4B,39,F,10,OM,3-6,42.92,73.93,55.89,12.97,,
31-Oct-05,04-Nov-05,4C,32,F,10,OM,6-9,44.59,86.47,59.36,14.77,,
31-Oct-05,04-Nov-05,4D,3,F,10,OM,9-12,44.86,77.09,59.72,14.86,,
31-Oct-05,04-Nov-05,3A,19,F,10,Min,,46.08,91.61,76.06,29.98,,
31-Oct-05,04-Nov-05,3B,44A,F,15,OM,0-3,41.05,64.54,50.4,9.35,2,
31-Oct-05,04-Nov-05,3C,7,F,15,OM,3-6,45.1,84.4,69.32,24.22,,
31-Oct-05,04-Nov-05,3D,58,F,15,OM,6-9,44.89,93.23,75.72,30.83,,
31-Oct-05,04-Nov-05,2A,46,F,15,Min,,46.57,86.94,96.56,49.99,,
31-Oct-05,04-Nov-05,2B,42,F,20,OM,0-3,45.9,70.53,54.95,9.05,2,wood
31-Oct-05,04-Nov-05,2C,1,F,20,OM,3-6,44.36,66.34,50.95,6.59,,wood
31-Oct-05,04-Nov-05,2D,21,F,20,OM,6-9,43.39,63.45,50.06,6.67,,wood
31-Oct-05,04-Nov-05,1A,16,F,20,Min,,45.12,88.54,69.7,24.58,,
31-Oct-05,04-Nov-05,1B,3,F,30,OM,0-3,44.52,64.57,51.75,7.23,1,
31-Oct-05,04-Nov-05,1C,43,F,30,OM,3-6,45.15,74.95,53.84,8.69,,
04/11/2005,09-Nov-05,18A,23B,F,30,Min,,45.27,91.66,72.65,27.38,,
04-Nov-05,09-Nov-05,18B,103,TU2,1 (210),OM,0-3,42.49,65.43,48.75,6.26,2,
04-Nov-05,09-Nov-05,18C,not used,,,,,,not used,,0,,
04-Nov-05,09-Nov-05,18D,4,,,,,46.47,not used,,,,
04-Nov-05,09-Nov-05,17A,2,TU2,1 (210),OM,0-3,46.56,71,55.66,9.1,,
04-Nov-05,09-Nov-05,17B,1,TU2,1 (210),OM,3-6,46.12,65.5,52.34,6.22,,
04-Nov-05,09-Nov-05,17C,4A,TU2,1 (210),OM,6-9,44.07,71.25,54.39,10.32,,
04-Nov-05,09-Nov-05,17D,65,TU2,1 (210),Min,,46.36,102.86,88.96,42.6,,
04-Nov-05,09-Nov-05,16A,34,TU2,2 (211),OM,0-3,45.86,60.27,50.78,4.92,2,
04-Nov-05,09-Nov-05,16B,64,TU2,2 (211),OM,3-6,43.02,63.79,49.37,6.35,,
04-Nov-05,09-Nov-05,16C,56,TU2,2 (211),OM,6-9,45.66,75.32,57.76,12.1,,
04-Nov-05,09-Nov-05,16D,66,TU2,2 (211),Min,9-12,45.62,96.17,81.28,35.66,,
04-Nov-05,09-Nov-05,15A,30,,,,,45.28,not used,,,,
04-Nov-05,09-Nov-05,15B,65,TU2,3,OM,0-3,43.04,63.74,48.46,5.42,2,
04-Nov-05,09-Nov-05,15C,54,TU2,3,OM,3-6,43.62,69.27,53.89,10.27,,
04-Nov-05,09-Nov-05,15D,15,TU2,3,OM,6-9,45.16,64.23,52.67,7.51,,
04-Nov-05,09-Nov-05,14A,72,TU2,3,Min,,44.44,73.65,57.13,12.69,,
04-Nov-05,09-Nov-05,14B,24,TU2,4,OM,0-3,45.34,60.94,50.28,4.94,2,
04-Nov-05,09-Nov-05,14C,2B,TU2,4,OM,3-6,45.81,65.19,54.69,8.88,,
04-Nov-05,09-Nov-05,14D,7,TU2,4,OM,6-9,43.56,37.47,54.17,10.61,,
04-Nov-05,09-Nov-05,13A,1,TU2,4,Min,,44.67,81.45,67.25,22.58,,
04-Nov-05,09-Nov-05,13B,62,TU3,1,OM,0-3,46.47,70.08,55.93,9.46,1,
04-Nov-05,09-Nov-05,13C,68,TU3,1,OM,3-6,44.14,64.78,50.02,5.88,,
04-Nov-05,09-Nov-05,13D,53,TU3,1,OM,6-9,46.22,71.4,55.42,9.2,,
04-Nov-05,09-Nov-05,12A,35,,,,,44.05,not used,,,,
04-Nov-05,09-Nov-05,12B,28,,,,,44.83,not used,,,,
04-Nov-05,09-Nov-05,12C,56,,,,,44.98,not used,,,,
04-Nov-05,09-Nov-05,12D,60,TU3,1,OM,9-12,44.11,80.91,56.68,12.57,,
04-Nov-05,09-Nov-05,11A,58,TU3,1,Min,,44.12,102.08,86.04,41.92,,
04-Nov-05,09-Nov-05,11B,62,TU3,2,OM,0-3,45.79,60.69,50.36,4.57,1,
04-Nov-05,09-Nov-05,11C,40,TU3,2,OM,3-6,45.01,66.26,51.99,6.98,,
04-Nov-05,09-Nov-05,11D,15,TU3,2,OM,6-9,44.53,79.56,59.66,15.13,,
04-Nov-05,09-Nov-05,10A,157,TU3,2,OM,9-12,46.24,75.39,60.22,13.98,,
04-Nov-05,09-Nov-05,10B,62,TU3,2,OM,12-15,45.75,69.02,57.52,11.77,,
04-Nov-05,09-Nov-05,10C,57,TU3,2,OM,15-18,43.36,69.58,55.87,12.51,,
04-Nov-05,09-Nov-05,10D,22,TU3,2,Min,,45.82,96.49,81.22,35.4,,
04-Nov-05,09-Nov-05,9A,37,TU3,3,OM,0-3,45.08,62.19,53.25,8.17,2,
04-Nov-05,09-Nov-05,9B,107,TU3,3,OM,3-6,44.52,69.94,56.75,12.23,,
04-Nov-05,09-Nov-05,9C,26,TU3,3,OM,6-9,46.57,72.91,60.77,14.2,,
04-Nov-05,09-Nov-05,9D,63,,,,,46.3,not used,,,,
04-Nov-05,09-Nov-05,8A,6,TU3,3,Min,,78.5,118.89,106.62,28.12,,
04-Nov-05,09-Nov-05,8B,A3,TU3,4,OM,0-3,45.95,79.39,52.69,6.74,1,
04-Nov-05,09-Nov-05,8C,27,TU3,4,OM,3-6,44.04,69.5,50.32,6.28,,
04-Nov-05,09-Nov-05,8D,18A,TU3,4,OM,6-9,45.93,87.03,65.15,19.22,,
04-Nov-05,09-Nov-05,7A,3B,TU3,4,OM,9-12,46.06,88.58,58.75,12.69,,
04-Nov-05,09-Nov-05,7B,LO,TU3,4,OM,12-15,45.36,81.52,61.96,16.6,,
04-Nov-05,09-Nov-05,7C,5,TU3,4,OM,15-18,45.09,84.88,53.94,8.85,,
04-Nov-05,09-Nov-05,7D,102,TU3,4,Min,,43.83,121.94,99.57,55.74,,
04-Nov-05,09-Nov-05,6A,5B,M,0,OM,0-3,45.59,68.57,54.29,8.7,2,
04-Nov-05,09-Nov-05,6B,30C,M,0,OM,3-6,46.02,77.63,62.07,16.05,,
04-Nov-05,09-Nov-05,6C,9B,M,0,OM,6-9,43.59,68.04,56.26,12.67,,
04-Nov-05,09-Nov-05,6D,6B,,,,,46.04,not used,,,,
04-Nov-05,09-Nov-05,5A,2,M,0,Min,,46.05,93.21,76.59,30.54,,
04-Nov-05,09-Nov-05,5B,9A,M,E,OM,0-3,42.98,65.88,50.83,7.85,1,
04-Nov-05,09-Nov-05,5C,B1,M,E,OM,3-6,44.39,79.62,61.58,17.19,,
04-Nov-05,09-Nov-05,5D,23,M,E,Min,,45.1,89.61,76.85,31.75,,
04-Nov-05,09-Nov-05,4A,70,M,5,OM,0-3,44.54,69.86,52.3,7.76,2,
04-Nov-05,09-Nov-05,4B,39,M,5,OM,3-6,42.92,74.37,53.89,10.97,,
04-Nov-05,09-Nov-05,4C,32,M,5,OM,6-9,44.59,61.75,50.68,6.09,,
04-Nov-05,09-Nov-05,4D,3,M,5,OM,9-12,44.86,69.24,53.27,8.41,,
04-Nov-05,09-Nov-05,3A,19,M,5,Min,,46.08,118.82,89.17,43.09,,
04-Nov-05,09-Nov-05,3B,44A,M,10,mix,0-3,41.05,76.46,61.48,20.43,3,
04-Nov-05,09-Nov-05,3C,7,M,10,mix,3-6,45.1,69.5,56.61,11.51,,
04-Nov-05,09-Nov-05,3D,58,M,10,mix,6-9,44.89,75.47,62.45,17.56,,
04-Nov-05,09-Nov-05,2A,46,M,10,mix,9-12,46.57,74.9,61.27,14.7,,
04-Nov-05,09-Nov-05,2B,42,M,10,Min,,45.9,90.42,78.4,32.5,,
04-Nov-05,09-Nov-05,2C,1,M,15,mix,0-3,44.36,83.32,68.2,23.84,4,
04-Nov-05,09-Nov-05,2D,21,M,15,mix,3-6,43.39,82.19,66.18,22.79,,
04-Nov-05,09-Nov-05,1A,16,M,15,mix,6-9,45.12,70.32,60.05,14.93,,
04-Nov-05,09-Nov-05,1B,3,M,15,mix,9-12,44.52,69.86,60.6,16.08,,
04-Nov-05,09-Nov-05,1C,43,M,15,mix,,45.15,not used,,,,
04-Nov-05,09-Nov-05,1D,,M,15,Min,,43.98,96.49,82.64,38.66,,
09-Nov-05,14-Nov-05,18A,23B,R,0,OM,0-3,45.27,69.88,55.79,10.52,2,
09-Nov-05,14-Nov-05,18B,103,R,0,OM,3-6,42.49,71.63,59.87,17.38,,
09-Nov-05,14-Nov-05,18C,,R,0,OM,,,,,,,
09-Nov-05,14-Nov-05,18D,4,R,0,mix,6-9,46.47,79.7,64.3,17.83,,
09-Nov-05,14-Nov-05,17A,2,R,0,min,,46.56,101.49,90.19,43.63,,
09-Nov-05,14-Nov-05,17B,1,R,E,OM,0-3,46.12,62.25,48.78,2.66,1,
09-Nov-05,14-Nov-05,17C,4A,R,E,OM,3-6,44.07,65.6,50.39,6.32,,
09-Nov-05,14-Nov-05,17D,65,R,E,OM,6-9,46.36,67.12,50.72,4.36,,
09-Nov-05,14-Nov-05,16A,34,R,E,OM,9-12,45.86,85.94,61.66,15.8,,
09-Nov-05,14-Nov-05,16B,64,R,E,OM,12-15,43.02,81.37,60.56,17.54,,
09-Nov-05,14-Nov-05,16C,56,R,E,Min,,45.66,98.15,81.07,35.41,,
09-Nov-05,14-Nov-05,16D,66,R,10,OM,0-3,45.62,66.76,52.91,7.29,1,
09-Nov-05,14-Nov-05,15A,30,R,10,OM,3-6,45.28,60.33,49.68,4.4,,
09-Nov-05,14-Nov-05,15B,65,R,10,OM,6-9,43.04,69.95,49.51,6.47,,
09-Nov-05,14-Nov-05,15C,54,R,10,OM,9-12,43.62,64.65,49.91,6.29,,
09-Nov-05,14-Nov-05,15D,15,R,10,OM,12-15,45.16,82.48,56.97,11.81,,
09-Nov-05,14-Nov-05,14A,72,R,10,Min,,44.44,75.25,58.85,14.41,,
09-Nov-05,14-Nov-05,14B,24,R,20,mix,0-3,45.34,77.38,61.32,15.98,4,
09-Nov-05,14-Nov-05,14C,2B,R,20,mix,3-6,45.81,71.57,58.73,12.92,,
09-Nov-05,14-Nov-05,14D,7,R,20,Min,,43.56,82.51,70.81,27.25,,
09-Nov-05,14-Nov-05,13A,1,R,30,mix,0-3,44.67,73.94,54.56,9.89,3,
09-Nov-05,14-Nov-05,13B,62,R,30,mix,3-6,46.47,74.75,57.78,11.31,,
09-Nov-05,14-Nov-05,13C,68,R,30,mix,6-9,44.14,78.42,58.29,14.15,,
09-Nov-05,14-Nov-05,13D,53,R,30,mix,9-12,46.22,77.5,59.3,13.08,,
09-Nov-05,14-Nov-05,12A,35,R,30,mix,12-15,44.05,77.25,58.55,14.5,,
09-Nov-05,14-Nov-05,12B,28,R,30,mix,15-18,44.83,64.4,52.92,8.09,,
09-Nov-05,14-Nov-05,12C,56,R,30,mix,18-21,44.98,69.11,54.91,9.93,,
09-Nov-05,14-Nov-05,12D,60,R,30,Min,,44.11,77.57,68.48,24.37,,
09-Nov-05,14-Nov-05,11A,58,J,0,OM,0-3,44.12,66.04,52.97,8.85,1,
09-Nov-05,14-Nov-05,11B,62,J,0,OM,3-6,45.79,75.8,64.59,18.8,,
09-Nov-05,14-Nov-05,11C,40,J,0,Min,,45.01,76.29,66.03,21.02,,
09-Nov-05,14-Nov-05,11D,15,J,E,OM,0-3,44.53,60.79,49.44,4.91,,
09-Nov-05,14-Nov-05,10A,157,J,E,OM,3-6,46.24,64.68,52.71,6.47,,
09-Nov-05,14-Nov-05,10B,62,J,E,OM,6-9,45.75,73.16,62.42,16.67,,
09-Nov-05,14-Nov-05,10C,57,J,E,Min,,43.36,90.76,78.92,35.56,,
09-Nov-05,14-Nov-05,10D,22,J,10,mix,0-3,45.82,74.48,70.09,24.27,4,
09-Nov-05,14-Nov-05,9A,37,J,10,mix,3-6,45.08,85.36,56.6,11.52,,
09-Nov-05,14-Nov-05,9B,107,J,10,Min,,44.52,100.3,81.88,37.36,,
09-Nov-05,14-Nov-05,9C,26,J,20,OM,0-3,46.57,66.88,51.78,5.21,2,
09-Nov-05,14-Nov-05,9D,63,J,20,OM,3-6,46.3,70.61,52.56,6.26,,wood
09-Nov-05,14-Nov-05,8A,6,J,20,OM,6-9,78.5,107.18,85.9,7.4,,wood
09-Nov-05,14-Nov-05,8B,A3,J,20,OM,9-12,45.95,68.05,52,6.05,,wood
09-Nov-05,14-Nov-05,8C,27,J,20,OM,12-15,44.04,64.3,49.37,5.33,,
09-Nov-05,14-Nov-05,8D,18A,J,20,Min,,45.93,112.47,84.3,38.37,,
09-Nov-05,14-Nov-05,7A,3B,J,30,mix,0-3,46.06,71.15,56.74,10.68,4,
09-Nov-05,14-Nov-05,7B,LO,J,30,mix,3-6,45.36,66.74,53.96,8.6,,
09-Nov-05,14-Nov-05,7C,5,J,30,Min,,45.09,111.48,88.79,43.7,,
09-Nov-05,14-Nov-05,7D,102,M,20,mix,0-3,43.83,70.184,57.1,13.27,3,
09-Nov-05,14-Nov-05,6A,5B,M,20,mix,3-6,45.59,66.15,53.6,8.01,,
09-Nov-05,14-Nov-05,6B,30C,M,20,mix,6-9,46.02,66.41,53.39,7.37,,
09-Nov-05,14-Nov-05,6C,9B,M,20,Min,,43.59,92.82,82.03,38.44,,
09-Nov-05,14-Nov-05,6D,6B,M,30,mix,0-3,46.04,78.54,64.11,18.07,4,
09-Nov-05,14-Nov-05,5A,2,M,30,mix,3-6,46.05,83.02,6805,6758.95,,
09-Nov-05,14-Nov-05,5B,9A,M,30,mix,6-9,42.98,73.34,62.21,19.23,,
09-Nov-05,14-Nov-05,5C,B1,M,30,mix,9-12,44.39,76.04,63.05,18.66,,
09-Nov-05,14-Nov-05,5D,23,M,30,Min,,45.1,98.98,85.12,40.02,,
09-Nov-05,14-Nov-05,4A,70,S,0,OM,0-3,44.54,62.99,50.12,5.58,1,
09-Nov-05,14-Nov-05,4B,39,S,0,OM,3-6,42.92,67.68,50.18,7.26,,
09-Nov-05,14-Nov-05,4C,32,S,0,OM,6-9,44.59,67.92,51.08,6.49,,
09-Nov-05,14-Nov-05,4D,3,S,0,OM,9-12,44.86,68.76,50.89,6.03,,
09-Nov-05,14-Nov-05,3A,19,S,0,OM,12-15,46.08,57.4,51.86,5.78,,
09-Nov-05,14-Nov-05,3B,44A,S,0,Min,,41.05,89.25,70.72,29.67,,
09-Nov-05,14-Nov-05,3C,7,S,E,OM,0-3,45.1,60.2,49.42,4.32,1,
09-Nov-05,14-Nov-05,3D,58,S,E,OM,3-6,44.89,71.76,51.17,6.28,,
09-Nov-05,14-Nov-05,2A,46,,,,,46.57,not used ,,-46.57,,
09-Nov-05,14-Nov-05,2B,42,S,E,OM,6-9,45.9,69.04,51.15,5.25,,
09-Nov-05,14-Nov-05,2C,1,S,E,OM,9-12,44.36,63.29,50.92,6.56,,
09-Nov-05,14-Nov-05,2D,21,S,E,OM,12-15,43.39,70.85,50.36,6.97,,
09-Nov-05,14-Nov-05,1A,16,S,E,Min,,45.12,84.75,71.14,26.02,,
09-Nov-05,14-Nov-05,1B,3,S,20,mix,0-3,44.52,76.82,54.68,10.16,2,
09-Nov-05,14-Nov-05,1C,43,S,20,mix,3-6,45.15,72.27,53.41,8.26,,
09-Nov-05,14-Nov-05,1D,,S,20,mix,6-9,43.98,84.54,66.23,22.25,,
14-Nov-05,18-Nov-05,18A,23B,C,0,OM,0-3,45.27,59.95,48.46,3.19,1,
14-Nov-05,18-Nov-05,18B,103,C,0,,3-6,42.49,64.61,47.55,5.06,,
14-Nov-05,18-Nov-05,18C,,,,,,,,,,,
14-Nov-05,18-Nov-05,18D,4,C,0,,6-9,46.47,69.09,54.05,7.58,,
14-Nov-05,18-Nov-05,17A,2,C,0,,9-12,46.56,74.02,54.24,7.68,,
14-Nov-05,18-Nov-05,17B,1,C,0,Min,,46.12,101.32,84.67,38.55,,
14-Nov-05,18-Nov-05,17C,4A,C,E,OM,0-3,44.07,63.14,51.69,7.62,2,
14-Nov-05,18-Nov-05,17D,65,C,E,OM,3-6,46.36,63.83,52.19,5.83,,
14-Nov-05,18-Nov-05,16A,34,C,E,mix,6-9,45.86,85.6,68.61,22.75,,
14-Nov-05,18-Nov-05,16B,64,C,E,min,,43.02,86.05,78.32,35.3,,
14-Nov-05,18-Nov-05,16C,56,C,10,mix,0-3,45.66,79.36,65.52,19.86,4,
14-Nov-05,18-Nov-05,16D,66,C,10,mix,3-6,45.62,76.1,63.38,17.76,,
14-Nov-05,18-Nov-05,15A,30,C,10,mix,6-9,45.28,76.46,64.27,18.99,,
14-Nov-05,18-Nov-05,15B,65,C,10,min,,43.04,91.39,79.5,36.46,,
14-Nov-05,18-Nov-05,15C,54,C,20,mix,0-3,43.62,62.92,48.85,5.23,2,
14-Nov-05,18-Nov-05,15D,15,C,20,mix,3-6,45.16,67.67,50.9,5.74,,W
14-Nov-05,18-Nov-05,14A,72,C,20,mix,6-9,44.44,72.55,50.93,6.49,,W
14-Nov-05,18-Nov-05,14B,24,C,20,mix,9-12,45.34,65.64,50.82,5.48,,W
14-Nov-05,18-Nov-05,14C,2B,C,20,Min,,45.81,85,67.35,21.54,,
14-Nov-05,18-Nov-05,14D,7,C,30,OM,0-3,43.56,66.85,50.6,7.04,2,
14-Nov-05,18-Nov-05,13A,1,C,30,OM,3-6,44.67,79.45,60.11,15.44,,
14-Nov-05,18-Nov-05,13B,62,C,30,OM,6-9,46.47,67.38,52.67,6.2,,
14-Nov-05,18-Nov-05,13C,68,C,30,OM,9-12,44.14,71.42,53.05,8.91,,
14-Nov-05,18-Nov-05,13D,53,C,30,OM,12-15,46.22,63.42,51.86,5.64,,
14-Nov-05,18-Nov-05,12A,35,C,30,OM,15-18,44.05,58.94,49.17,5.12,,
14-Nov-05,18-Nov-05,12B,28,C,30,Min,,44.83,80.03,61.06,16.23,,
14-Nov-05,18-Nov-05,12C,56,G,0,OM,0-3,44.98,61.89,50.16,5.18,1,
14-Nov-05,18-Nov-05,12D,60,G,0,OM,3-6,44.11,67.66,54.92,10.81,,
14-Nov-05,18-Nov-05,11A,58,G,0,MIn,6-9,44.12,107.58,90.87,46.75,,
14-Nov-05,18-Nov-05,11B,62,G,E,OM,0-3,45.79,71.56,53.34,7.55,2,
14-Nov-05,18-Nov-05,11C,40,G,E,OM,3-6,45.01,70.51,52.69,7.68,,
14-Nov-05,18-Nov-05,11D,15,G,E,OM,6-9,44.53,68.55,52.28,7.75,,
14-Nov-05,18-Nov-05,10A,157,G,E,Min,,46.24,91.3,76.93,30.69,,
14-Nov-05,18-Nov-05,10B,62,G,10,OM,0-3,45.75,70.45,53.56,7.81,2,
14-Nov-05,18-Nov-05,10C,57,G,10,OM,3-6,43.36,64.46,50.13,6.77,,
14-Nov-05,18-Nov-05,10D,22,G,10,OM,6-9,45.82,75,54.78,8.96,,
14-Nov-05,18-Nov-05,9A,37,G,10,OM,9-12,45.08,65.48,52.45,7.37,,
14-Nov-05,18-Nov-05,9B,107,G,10,OM,12-15,44.52,60.81,49.56,5.04,,
14-Nov-05,18-Nov-05,9C,26,,,Min,,46.57,109.32,89.15,42.58,,
14-Nov-05,18-Nov-05,9D,63,G,20,OM,0-3,46.3,67.65,52.32,6.02,3,
14-Nov-05,18-Nov-05,8A,6,G,20,OM,3-6,78.5,106.42,87.93,9.43,,
14-Nov-05,18-Nov-05,8B,A3,G,20,mix,6-9,45.95,72.3,60.76,14.81,,
14-Nov-05,18-Nov-05,8C,27,G,20,Min,,44.04,97.18,84.79,40.75,,
14-Nov-05,18-Nov-05,8D,18A,G,30,OM,0-3,45.93,65.41,51.45,5.52,1,
14-Nov-05,18-Nov-05,7A,3B,G,30,OM,3-6,46.06,65.93,50.55,4.49,,w
14-Nov-05,18-Nov-05,7B,LO,G,30,OM,6-9,45.36,70.94,49.88,4.52,,w
14-Nov-05,18-Nov-05,7C,5,G,30,OM,9-12,45.09,64.15,51.02,5.93,,
14-Nov-05,18-Nov-05,7D,102,G,30,Min,,43.83,88.56,70.74,26.91,,
14-Nov-05,18-Nov-05,6A,5B,I,0,OM,0-3,45.59,64.81,50.39,4.8,1,
14-Nov-05,18-Nov-05,6B,30C,I,0,OM,3-6,46.02,72.7,53.46,7.44,,
14-Nov-05,18-Nov-05,6C,9B,I,0,OM,6-9,43.59,90.08,78.95,35.36,,
14-Nov-05,18-Nov-05,6D,6B,I,0,Min,,46.04,94.59,87.7,41.66,,
14-Nov-05,18-Nov-05,5A,2,I,E,OM,0-3,46.05,56.98,46.69,0.64,1,
14-Nov-05,18-Nov-05,5B,9A,I,E,OM,3-6,42.98,70.17,52.47,9.49,,
14-Nov-05,18-Nov-05,5C,B1,I,E,OM,6-9,44.39,76.58,55.73,11.34,,
14-Nov-05,18-Nov-05,5D,23,I,E,Min,,45.1,112.4,96.78,51.68,,
14-Nov-05,18-Nov-05,4A,70,I,10,OM,0-3,44.54,60.04,48.6,4.06,1,
14-Nov-05,18-Nov-05,4B,39,I,10,OM,3-6,42.92,62.97,47.98,5.06,,
14-Nov-05,18-Nov-05,4C,32,I,10,OM,6-9,44.59,76.31,53.05,8.46,,
14-Nov-05,18-Nov-05,4D,3,I,10,OM,9-12,44.86,68.57,51.14,6.28,,
14-Nov-05,18-Nov-05,3A,19,I,10,OM,12-15,46.08,73.9,53.5,7.42,,
14-Nov-05,18-Nov-05,3B,44A,I,10,OM,15-18,41.05,53.84,44.82,3.77,,
14-Nov-05,18-Nov-05,3C,7,I,20,OM,0-3,45.1,57.37,49.8,4.7,3,
14-Nov-05,18-Nov-05,3D,58,I,20,OM,3-6,44.89,73.4,61.78,16.89,,
14-Nov-05,18-Nov-05,2A,46,I,20,mix,6-9,46.57,89,85.59,39.02,,
14-Nov-05,18-Nov-05,2B,42,I,20,Min,,45.9,106.8,94.26,48.36,,
14-Nov-05,18-Nov-05,2C,1,I,30,OM,0-3,44.36,64.68,52.05,7.69,1,
14-Nov-05,18-Nov-05,2D,21,I,30,OM,3-6,43.39,63.73,48.12,4.73,,
14-Nov-05,18-Nov-05,1A,16,I,30,OM,6-9,45.12,76.23,54.01,8.89,,
14-Nov-05,18-Nov-05,1B,3,I,30,Min,,44.52,89.35,81.03,36.51,,
14-Nov-05,18-Nov-05,1C,43,G,5,OM,0-3,45.15,73.96,55.6,10.45,2,
14-Nov-05,18-Nov-05,1D,,G,5,OM,3-6,43.98,66.94,53.83,9.85,,
18-Nov-05,23-Nov-05,18A,23B,T,0,OM,0-3,45.27,56.14,48.79,3.52,1,
18-Nov-05,23-Nov-05,18B,103,T,0,OM,3-6,42.49,58.19,46.28,3.79,,
18-Nov-05,23-Nov-05,18C,,,,,,,,,,,
18-Nov-05,23-Nov-05,18D,4,T,0,OM,6-9,46.47,68.37,51.42,4.95,,
18-Nov-05,23-Nov-05,17A,2,T,0,OM,9-12,46.56,73.78,55.35,8.79,,
18-Nov-05,23-Nov-05,17B,1,T,0,OM,12-15,46.12,70.05,58.91,12.79,,
18-Nov-05,23-Nov-05,17C,4A,T,0,Min,,44.07,82.56,73.25,29.18,,
18-Nov-05,23-Nov-05,17D,65,T,E,OM,0-3,46.36,59.57,49.39,3.03,1,
18-Nov-05,23-Nov-05,16A,34,T,E,OM,3-6,45.86,59.02,50.89,5.03,,
18-Nov-05,23-Nov-05,16B,64,T,E,OM,6-9,43.02,59.13,46.95,3.93,,
18-Nov-05,23-Nov-05,16C,56,T,E,OM,9-12,45.66,70.68,53.35,7.69,,
18-Nov-05,23-Nov-05,16D,66,T,E,Min,,45.62,94.19,79.41,33.79,,
18-Nov-05,23-Nov-05,15A,30,T,10,OM,0-3,45.28,69.76,50.92,5.64,2,
18-Nov-05,23-Nov-05,15B,65,T,10,OM,3-6,43.04,65.59,49.95,6.91,,
18-Nov-05,23-Nov-05,15C,54,T,10,OM,6-9,43.62,70.14,51.18,7.56,,
18-Nov-05,23-Nov-05,15D,15,T,10,Min,,45.16,91.35,80.4,35.24,,
18-Nov-05,23-Nov-05,14A,72,T,20,mix,0-3,44.44,64.71,49.66,5.22,2,
18-Nov-05,23-Nov-05,14B,24,T,20,mix,3-6,45.34,74.25,51.95,6.61,,
18-Nov-05,23-Nov-05,14C,2B,T,20,mix,6-9,45.81,61.63,56.08,10.27,,
18-Nov-05,23-Nov-05,14D,7,T,20,Min,,43.56,84.17,73.33,29.77,,
18-Nov-05,23-Nov-05,13A,1,T,30,mix,0-3,44.67,69.92,58.53,13.86,4,
18-Nov-05,23-Nov-05,13B,62,T,30,mix,3-6,46.47,72.53,60.02,13.55,,
18-Nov-05,23-Nov-05,13C,68,T,30,mix,6-9,44.14,68.99,57.78,13.64,,
18-Nov-05,23-Nov-05,13D,53,T,30,Min,,46.22,67.54,60.36,14.14,,
18-Nov-05,23-Nov-05,12A,35,D,0,OM,0-3,44.05,64.84,48.74,4.69,2,
18-Nov-05,23-Nov-05,12B,28,D,0,OM,3-6,44.83,63.59,49.4,4.57,,
18-Nov-05,23-Nov-05,12C,56,D,0,mix,6-9,44.98,67.28,50.97,5.99,,
18-Nov-05,23-Nov-05,12D,60,D,0,mix,9-12,44.11,67,51.29,7.18,,
18-Nov-05,23-Nov-05,11A,58,D,0,Min,,44.12,84.02,66.94,22.82,,
18-Nov-05,23-Nov-05,11B,62,D,E,Om,0-3,45.79,65.99,52.06,6.27,3,
18-Nov-05,23-Nov-05,11C,40,D,E,mix,3-6,45.01,73.3,59.02,14.01,,
18-Nov-05,23-Nov-05,11D,15,D,E,mix,6-9,44.53,77.49,63.57,19.04,,
18-Nov-05,23-Nov-05,10A,157,D,E,mix,9-12,46.24,82.76,68.67,22.43,,
18-Nov-05,23-Nov-05,10B,62,D,E,mix,12-15,45.75,84.61,67.16,21.41,,
18-Nov-05,23-Nov-05,10C,57,D,E,Min,,43.36,105.05,81.41,38.05,,
18-Nov-05,23-Nov-05,10D,22,D,10,mix,0-3,45.82,84.27,67.16,21.34,5,
18-Nov-05,23-Nov-05,9A,37,D,10,mix,3-6,45.08,81.19,64.96,19.88,,
18-Nov-05,23-Nov-05,9B,107,D,10,mix,6-9,44.52,68.62,56.47,11.95,,
18-Nov-05,23-Nov-05,9C,26,D,10,Min,,46.57,86.91,62,15.43,,
18-Nov-05,23-Nov-05,9D,63,D,20,mix,0-3,46.3,74.67,56.44,10.14,4,
18-Nov-05,23-Nov-05,8A,6,D,20,mix,3-6,78.5,99.26,87.61,9.11,,
18-Nov-05,23-Nov-05,8B,A3,D,20,mix,6-9,45.95,68.9,54.68,8.73,,
18-Nov-05,23-Nov-05,8C,27,D,20,mix,9-12,44.04,69.41,53.34,9.3,,
18-Nov-05,23-Nov-05,8D,18A,D,20,Min,,45.93,78.1,55.17,9.24,,
18-Nov-05,23-Nov-05,7A,3B,D,30,mix,0-3,46.06,68.93,53.45,7.39,2,w
18-Nov-05,23-Nov-05,7B,LO,D,30,mix,3-6,45.36,73.37,53.09,7.73,,
18-Nov-05,23-Nov-05,7C,5,D,30,mix,6-9,45.09,69.76,51.42,6.33,,
18-Nov-05,23-Nov-05,7D,102,D,30,mix,9-12,43.83,68.64,51.1,7.27,,w
18-Nov-05,23-Nov-05,6A,5B,D,30,Min,,45.59,73.06,60.09,14.5,,
18-Nov-05,23-Nov-05,6B,30C,E,0,OM,0-3,46.02,60.45,52.22,6.2,1,
18-Nov-05,23-Nov-05,6C,9B,E,0,OM,3-6,43.59,53.94,46.5,2.91,,
18-Nov-05,23-Nov-05,6D,6B,E,0,OM,6-9,46.04,62.3,50.24,4.2,,
18-Nov-05,23-Nov-05,5A,2,E,0,OM,9-12,46.05,55.21,47.47,1.42,,
18-Nov-05,23-Nov-05,5B,9A,E,0,Min,,42.98,82.18,71.94,28.96,,
18-Nov-05,23-Nov-05,5C,B1,E,E,OM,0-3,44.39,63.62,49.99,5.6,1,
18-Nov-05,23-Nov-05,5D,23,E,E,OM,3-6,45.1,86.63,66.86,21.76,,
18-Nov-05,23-Nov-05,4A,70,E,E,Min,,44.54,91.35,76.27,31.73,,
18-Nov-05,23-Nov-05,4B,39,E,10,OM,0-3,42.92,60.71,47.7,4.78,1,
18-Nov-05,23-Nov-05,4C,32,E,10,OM,3-6,44.59,64.42,48.86,4.27,,
18-Nov-05,23-Nov-05,4D,3,E,10,OM,6-9,44.86,69.03,50.8,5.94,,w
18-Nov-05,23-Nov-05,3A,19,E,10,OM,9-12,46.08,75.04,52.92,6.84,,w
18-Nov-05,23-Nov-05,3B,44A,E,10,OM,12-15,41.05,67.41,47.96,6.91,,w
18-Nov-05,23-Nov-05,3C,7,E,10,OM,15-18,45.1,73.18,51.7,6.6,,w
18-Nov-05,23-Nov-05,3D,58,E,10,OM,18-21,44.89,76.9,52.2,7.31,,w
18-Nov-05,23-Nov-05,2A,46,E,20,mix,0-3,46.57,69.29,55.61,9.04,4,
18-Nov-05,23-Nov-05,2B,42,E,20,mix,3-6,45.9,74.79,57.68,11.78,,
18-Nov-05,23-Nov-05,2C,1,E,20,mix,6-9,44.36,53.74,48.38,4.02,,
18-Nov-05,23-Nov-05,2D,21,E,20,Min,,43.39,79.84,71.17,27.78,,
18-Nov-05,23-Nov-05,1A,16,E,30,Om,0-3,45.12,56.72,50.04,4.92,1,
18-Nov-05,23-Nov-05,1B,3,E,30,OM,3-6,44.52,58.69,48.2,3.68,,
18-Nov-05,23-Nov-05,1C,43,E,30,OM,6-9,45.15,78.9,61.96,16.81,,some min
18-Nov-05,23-Nov-05,1D,,E,30,min,,43.98,78.66,68.93,24.95,,
23-Nov-05,28-Nov-05,18A,23B,B,0,Om,0-3,45.27,58.29,48.49,3.22,1,
23-Nov-05,28-Nov-05,18B,103,B,0,Om,3-6,42.49,63.23,46.95,4.46,,
23-Nov-05,28-Nov-05,18C,,,,,,,,,,,
23-Nov-05,28-Nov-05,18D,4,B,0,Om,6-9,46.47,70.26,51.26,4.79,,w
23-Nov-05,28-Nov-05,17A,2,B,0,Om,9-12,46.56,66.55,50.55,3.99,,w
23-Nov-05,28-Nov-05,17B,1,B,0,Om,12-15,46.12,71.88,49.67,3.55,,w
23-Nov-05,28-Nov-05,17C,4A,B,0,Om,15-18,44.07,70.86,51.1,7.03,,w
23-Nov-05,28-Nov-05,17D,65,B,E,Om,0-3,46.36,65.77,51.5,5.14,,
23-Nov-05,28-Nov-05,16A,34,B,E,Om,3-6,45.86,75.08,52.72,6.86,1,
23-Nov-05,28-Nov-05,16B,64,B,E,Om,6-9,43.02,74.25,49.98,6.96,,
23-Nov-05,28-Nov-05,16C,56,B,E,Om,9-12,45.66,68.6,51.51,5.85,,
23-Nov-05,28-Nov-05,16D,66,B,E,Om,12-15,45.62,64.33,50.29,4.67,,
23-Nov-05,28-Nov-05,15A,30,B,E,Min,,45.28,101.55,77.29,32.01,,
23-Nov-05,28-Nov-05,15B,65,B,10,Om,0-3,43.04,60.86,47,3.96,2,
23-Nov-05,28-Nov-05,15C,54,B,10,Om,3-6,43.62,71.63,50.48,6.86,,
23-Nov-05,28-Nov-05,15D,15,B,10,Om,6-9,45.16,75.22,51.54,6.38,,w
23-Nov-05,28-Nov-05,14A,72,B,10,Om,9-12,44.44,67.46,50.2,5.76,,w
23-Nov-05,28-Nov-05,14B,24,B,10,Om,12-15,45.34,71.1,52.82,7.48,,
23-Nov-05,28-Nov-05,14C,2B,B,10,Om,15-18,45.81,82.15,54.01,8.2,,
23-Nov-05,28-Nov-05,14D,7,B,10,MIn,,43.56,67.3,53.92,10.36,,
23-Nov-05,28-Nov-05,13A,1,B,20,Om,0-3,44.67,69.15,48.82,4.15,3,
23-Nov-05,28-Nov-05,13B,62,B,20,Om,3-6,46.47,75.89,54.13,7.66,,
23-Nov-05,28-Nov-05,13C,68,B,20,mix,6-9,44.14,72.86,53.67,9.53,,
23-Nov-05,28-Nov-05,13D,53,B,20,mix,9-12,46.22,77.53,58.8,12.58,,
23-Nov-05,28-Nov-05,12A,35,B,20,mix,12-15,44.05,75.88,55.96,11.91,,
23-Nov-05,28-Nov-05,12B,28,B,20,mix,15-18,44.83,74.16,53.68,8.85,,
23-Nov-05,28-Nov-05,12C,56,B,20,mix,18-21,44.98,73.9,56.49,11.51,,
23-Nov-05,28-Nov-05,12D,60,B,30,mix,0-3,44.11,89,68.99,24.88,5,
23-Nov-05,28-Nov-05,11A,58,B,30,mix,3-6,44.12,67.8,57.32,13.2,,
23-Nov-05,28-Nov-05,11B,62,B,30,Min,,45.79,116.06,86.02,40.23,,
23-Nov-05,28-Nov-05,11C,40,L,0,Om,0-3,45.01,65.73,51.49,6.48,1,
23-Nov-05,28-Nov-05,11D,15,L,0,Om,3-6,44.53,66.24,50.46,5.93,,
23-Nov-05,28-Nov-05,10A,157,L,0,Om,6-9,46.24,60.87,50.43,4.19,,
23-Nov-05,28-Nov-05,10B,62,L,0,Om,9-12,45.75,91.12,70.81,25.06,,
23-Nov-05,28-Nov-05,10C,57,L,0,MIn,,43.36,94,82.59,39.23,,
23-Nov-05,28-Nov-05,10D,22,L,E,Om,0-3,45.82,67.64,52.04,6.22,2,
23-Nov-05,28-Nov-05,9A,37,L,E,Om,3-6,45.08,66.58,54.26,9.18,,
23-Nov-05,28-Nov-05,9B,107,L,E,Om,6-9,44.52,64.96,51.6,7.08,,
23-Nov-05,28-Nov-05,9C,26,L,E,Min,,46.57,89.15,80.83,34.26,,
23-Nov-05,28-Nov-05,9D,63,L,10,mix,0-3,46.3,71.13,59.27,12.97,4,
23-Nov-05,28-Nov-05,8A,6,L,10,mix,3-6,78.5,107.2,93.71,15.21,,
23-Nov-05,28-Nov-05,8B,A3,L,10,Min,,45.95,100.75,89.66,43.71,,
23-Nov-05,28-Nov-05,8C,27,L,20,mix,0-3,44.04,63.23,52.49,8.45,3,4?
23-Nov-05,28-Nov-05,8D,18A,L,20,mix,3-6,45.93,67.2,57.92,11.99,,
23-Nov-05,28-Nov-05,7A,3B,L,20,mix,6-9,46.06,72.68,64.81,18.75,,
23-Nov-05,28-Nov-05,7B,LO,L,20,mix,9-12,45.36,66.21,58.88,13.52,,
23-Nov-05,28-Nov-05,7C,5,L,20,Min,,45.09,82.7,74.95,29.86,,
23-Nov-05,28-Nov-05,7D,102,L,30,mix,0-3,43.83,81.39,68.5,24.67,4,
23-Nov-05,28-Nov-05,6A,5B,L,30,mix,3-6,45.59,86.68,70.93,25.34,,
23-Nov-05,28-Nov-05,6B,30C,L,30,mix,6-9,46.02,77.55,66.06,20.04,,
23-Nov-05,28-Nov-05,6C,9B,L,30,Min,,43.59,77.58,71.06,27.47,,
23-Nov-05,28-Nov-05,6D,6B,A,0,Om,0-3,46.04,60.31,50.55,4.51,1,
23-Nov-05,28-Nov-05,5A,2,A,0,Om,3-6,46.05,55.36,47.15,1.1,,
23-Nov-05,28-Nov-05,5B,9A,A,0,Om,6-9,42.98,70.2,55.31,12.33,,
23-Nov-05,28-Nov-05,5C,B1,A,0,Om,9-12,44.39,67.68,52.91,8.52,,
23-Nov-05,28-Nov-05,5D,23,A,0,Min,,45.1,91.04,72.85,27.75,,
23-Nov-05,28-Nov-05,4A,70,A,E,mix,0-3,44.54,59.26,50.09,5.55,3,
23-Nov-05,28-Nov-05,4B,39,A,E,mix,3-6,42.92,68,56.9,13.98,,
23-Nov-05,28-Nov-05,4C,32,A,E,mix,6-9,44.59,72.04,53.8,9.21,,
23-Nov-05,28-Nov-05,4D,3,A,E,mix,9-12,44.86,91.99,75.48,30.62,,
23-Nov-05,28-Nov-05,3A,19,A,E,mix,12-15,46.08,77.88,67.71,21.63,,
23-Nov-05,28-Nov-05,3B,44A,A,E,mix,15-18,41.05,78.14,63.36,22.31,,
23-Nov-05,28-Nov-05,3C,7,A,E,Min,,45.1,119.52,106.6,61.5,,
23-Nov-05,28-Nov-05,3D,58,A,10,mix,0-3,44.89,63.17,51.08,6.19,3,
23-Nov-05,28-Nov-05,2A,46,A,10,mix,3-6,46.57,67.08,52.52,5.95,,
23-Nov-05,28-Nov-05,2B,42,A,10,Min,,45.9,89.31,66.24,20.34,,
23-Nov-05,28-Nov-05,2C,1,A,20,Om,0-3,44.36,70.85,51.38,7.02,1,
23-Nov-05,28-Nov-05,2D,21,A,20,Om,3-6,43.39,69.4,50.06,6.67,,
23-Nov-05,28-Nov-05,1A,16,A,20,Om,6-9,45.12,72.15,51.6,6.48,,
23-Nov-05,28-Nov-05,1B,3,A,20,Om,9-12,44.52,81.54,55.61,11.09,,
23-Nov-05,28-Nov-05,1C,43,A,20,Om,12-15,45.15,75.32,53.58,8.43,,
23-Nov-05,28-Nov-05,1D,,A,20,Om,15-18,43.98,76.64,51.57,7.59,,
28-Nov-05,02-Dec-05,18A,23B,A,20,Min,,45.27,71.36,58.88,13.61,,
28-Nov-05,02-Dec-05,18B,103,A,30,OM,0-3,42.49,61.17,47.22,4.73,1,
28-Nov-05,02-Dec-05,18C,,,,,,,,,,,
28-Nov-05,02-Dec-05,18D,4,A,30,OM,3-6,46.47,80.37,57.84,11.37,,
28-Nov-05,02-Dec-05,17A,2,A,30,OM,6-9,46.56,67.42,51.39,4.83,,
28-Nov-05,02-Dec-05,17B,1,A,30,OM,9-12,46.12,76.36,52.79,6.67,,
28-Nov-05,02-Dec-05,17C,4A,A,30,OM,12-15,44.07,73.63,52.38,8.31,,
28-Nov-05,02-Dec-05,17D,65,A,30,OM,15-18,46.36,85.74,55.99,9.63,,
28-Nov-05,02-Dec-05,16A,34,A,30,OM,18-21,45.86,69.11,52.6,6.74,,
28-Nov-05,02-Dec-05,16B,64,A,30,Min,,43.02,92.56,73.09,30.07,,
28-Nov-05,02-Dec-05,16C,56,P,0,OM,0-3,45.66,70.03,52.26,6.6,1,
28-Nov-05,02-Dec-05,16D,66,P,0,OM,3-6,45.62,71.06,51.87,6.25,,
28-Nov-05,02-Dec-05,15A,30,P,0,OM,6-9,45.28,70.72,51.58,6.3,,
28-Nov-05,02-Dec-05,15B,65,P,0,OM,9-12,43.04,76.14,54.86,11.82,,
28-Nov-05,02-Dec-05,15C,54,P,0,Min,,43.62,78.2,66.86,23.24,,
28-Nov-05,02-Dec-05,15D,15,P,E,OM,0-3,45.16,64.8,53.7,8.54,1,
28-Nov-05,02-Dec-05,14A,72,P,E,OM,3-6,44.44,54.89,47.43,2.99,,
28-Nov-05,02-Dec-05,14B,24,P,E,OM,6-9,45.34,73.99,58.99,13.65,,
28-Nov-05,02-Dec-05,14C,2B,P,E,Min,,45.81,95.59,81.09,35.28,,
28-Nov-05,02-Dec-05,14D,7,P,10,mix,0-3,43.56,66.77,52.75,9.19,3,
28-Nov-05,02-Dec-05,13A,1,P,10,mix,3-6,44.67,64.96,52.9,8.23,,
28-Nov-05,02-Dec-05,13B,62,P,10,mix,6-9,46.47,65.34,54.7,8.23,,
28-Nov-05,02-Dec-05,13C,68,P,10,Min,,44.14,104.54,88.81,44.67,,
28-Nov-05,02-Dec-05,13D,53,P,20,mix,0-3,46.22,72.83,51.63,5.41,4,
28-Nov-05,02-Dec-05,12A,35,P,20,mix,3-6,44.05,81.83,53.71,9.66,,
28-Nov-05,02-Dec-05,12B,28,P,20,mix,6-9,44.83,73.85,55.3,10.47,,
28-Nov-05,02-Dec-05,12C,56,P,20,mix,9-12,44.98,75.55,54.84,9.86,,
28-Nov-05,02-Dec-05,12D,60,P,20,mix,12-15,44.11,72.83,57.68,13.57,,
28-Nov-05,02-Dec-05,11A,58,P,20,mix,15-18,44.12,81.83,60.27,16.15,,
28-Nov-05,02-Dec-05,11B,62,P,20,Min,,45.79,82.74,64.64,18.85,,
28-Nov-05,02-Dec-05,11C,40,P,30,OM,0-3,45.01,65.59,50.87,5.86,3,
28-Nov-05,02-Dec-05,11D,15,P,30,OM,3-6,44.53,78.65,60.12,15.59,,
28-Nov-05,02-Dec-05,10A,157,P,30,mix,6-9,46.24,62.76,54.96,8.72,,
28-Nov-05,02-Dec-05,10B,62,P,30,Min,,45.75,92.21,80.19,34.44,,
28-Nov-05,02-Dec-05,10C,57,S,10,mix,0-3,43.36,73.69,52.93,9.57,4,
28-Nov-05,02-Dec-05,10D,22,S,10,mix,3-6,45.82,84.05,57.58,11.76,,
28-Nov-05,02-Dec-05,9A,37,S,10,mix,6-9,45.08,76.35,56.54,11.46,,
28-Nov-05,02-Dec-05,9B,107,S,10,mix,9-12,44.52,71.46,56.83,12.31,,
28-Nov-05,02-Dec-05,9C,26,S,10,mix,0-3,46.57,73.44,56.04,9.47,,
28-Nov-05,02-Dec-05,9D,63,S,10,mix,3-6,46.3,70.73,55.93,9.63,,
28-Nov-05,02-Dec-05,8A,6,S,10,mix,6-9,78.5,104.13,89,10.5,,
28-Nov-05,02-Dec-05,8B,A3,S,10,mix,9-12,45.95,67.09,53.52,7.57,,
28-Nov-05,02-Dec-05,8C,27,S,10,mix,12-15,44.04,64.19,51.91,7.87,,
28-Nov-05,02-Dec-05,8D,18A,S,10,mix,15-18,45.93,62.21,52.95,7.02,,
28-Nov-05,02-Dec-05,7A,3B,S,20,Min,,46.06,101.27,85.93,39.87,,
28-Nov-05,02-Dec-05,7B,LO,S,30,OM,0-3,45.36,72.23,52.46,7.1,1,
28-Nov-05,02-Dec-05,7C,5,S,30,OM,3-6,45.09,67.63,50.17,5.08,,
28-Nov-05,02-Dec-05,7D,102,S,30,OM,6-9,43.83,72.55,51.86,8.03,,
28-Nov-05,02-Dec-05,6A,5B,S,30,OM,9-12,45.59,75.41,53.29,7.7,,
28-Nov-05,02-Dec-05,6B,30C,S,30,OM,12-15,46.02,66.87,51.97,5.95,,
28-Nov-05,02-Dec-05,6C,9B,S,30,Min,,43.59,84.67,68.75,25.16,,
28-Nov-05,02-Dec-05,6D,6B,A,15,Min,,46.04,76.27,60.8,14.76,,
28-Nov-05,02-Dec-05,5A,2,P,15,Min,,46.05,75.87,53.7,7.65,,some wood
28-Nov-05,02-Dec-05,5B,9A,D,15,OM,0-3,42.98,75.16,56.55,13.57,2,
28-Nov-05,02-Dec-05,5C,B1,D,15,OM,3-6,44.39,69.52,53.32,8.93,,
28-Nov-05,02-Dec-05,5D,23,D,15,OM,6-9,45.1,70.67,56.37,11.27,,
28-Nov-05,02-Dec-05,4A,70,D,15,OM,9-12,44.54,62.07,50.09,5.55,,
28-Nov-05,02-Dec-05,4B,39,D,15,OM,12-15,42.92,64.39,49.6,6.68,,
28-Nov-05,02-Dec-05,4C,32,D,15,Min,,44.59,98.29,75.86,31.27,,
28-Nov-05,02-Dec-05,4D,3,D,5,mix,0-3,44.86,82.26,58.06,13.2,4,
28-Nov-05,02-Dec-05,3A,19,D,5,mix,3-6,46.08,81.34,62.26,16.18,,
28-Nov-05,02-Dec-05,3B,44A,D,5,mix,6-9,41.05,63.28,48.97,7.92,,
28-Nov-05,02-Dec-05,3C,7,D,5,mix,9-12,45.1,66.02,52.58,7.48,,
28-Nov-05,02-Dec-05,3D,58,D,5,Min,,44.89,91.48,72.52,27.63,,
28-Nov-05,02-Dec-05,2A,46,T,15,mix,0-3,46.57,83.84,56.51,9.94,3,
28-Nov-05,02-Dec-05,2B,42,T,15,mix,3-6,45.9,83.2,56.09,10.19,,
28-Nov-05,02-Dec-05,2C,1,T,15,mix,6-9,44.36,72.78,52.84,8.48,,
28-Nov-05,02-Dec-05,2D,21,T,15,mix,9-12,43.39,74.74,51.84,8.45,,
28-Nov-05,02-Dec-05,1A,16,T,15,mix,12-15,45.12,70.14,52.6,7.48,,
28-Nov-05,02-Dec-05,1B,3,T,15,mix,15-18,44.52,69.85,52.37,7.85,,
28-Nov-05,02-Dec-05,1C,43,T,15,mix,18-21,45.15,66.1,51.18,6.03,,
28-Nov-05,02-Dec-05,1D,,T,5,Min,,43.98,72.76,64.94,20.96,,
02-Dec-05,07-Dec-05,18A,23B,L,5,mix,0-3,45.27,79.03,59.83,14.56,4,
02-Dec-05,07-Dec-05,18B,103,L,5,mix,3-6,42.49,69.48,50.57,8.08,,
02-Dec-05,07-Dec-05,18C,,,,,,,,,,,
02-Dec-05,07-Dec-05,18D,4,L,5,mix,6-9,46.47,79.56,56.84,10.37,,
02-Dec-05,07-Dec-05,17A,2,L,5,mix,9-12,46.56,74.3,57.66,11.1,,
02-Dec-05,07-Dec-05,17B,1,L,5,mix,12-15,46.12,74.92,56.15,10.03,,
02-Dec-05,07-Dec-05,17C,4A,L,5,mix,15-18,44.07,80.43,60.82,16.75,,
02-Dec-05,07-Dec-05,17D,65,L,5,mix,18-21,46.36,62.5,52.33,5.97,,
02-Dec-05,07-Dec-05,16A,34,L,5,Min,,45.86,87.36,75.13,29.27,,
02-Dec-05,07-Dec-05,16B,64,L,15,OM,0-3,43.02,55.43,47.35,4.33,2,
02-Dec-05,07-Dec-05,16C,56,L,15,OM,3-6,45.66,60.22,50.18,4.52,,
02-Dec-05,07-Dec-05,16D,66,L,15,OM,6-9,45.62,65.6,52.22,6.6,,
02-Dec-05,07-Dec-05,15A,30,L,15,OM,9-12,45.28,56.39,49.62,4.34,,
02-Dec-05,07-Dec-05,15B,65,L,15,Min,,43.04,93.02,77.56,34.52,,
02-Dec-05,07-Dec-05,15C,54,P,5,mix,0-3,43.62,73.77,56.42,12.8,4,
02-Dec-05,07-Dec-05,15D,15,P,5,mix,3-6,45.16,79.44,64.25,19.09,,
02-Dec-05,07-Dec-05,14A,72,P,5,mix,6-9,44.44,65.4,56.35,11.91,,
02-Dec-05,07-Dec-05,14B,24,P,5,Min,,45.34,84.1,72.52,27.18,,
02-Dec-05,07-Dec-05,14C,2B,A,5,OM,0-3,45.81,71.18,51.95,6.14,1,
02-Dec-05,07-Dec-05,14D,7,A,5,OM,3-6,43.56,64.68,48.15,4.59,,w
02-Dec-05,07-Dec-05,13A,1,A,5,OM,6-9,44.67,69.04,50.4,5.73,,w
02-Dec-05,07-Dec-05,13B,62,A,5,OM,9-12,46.47,73.37,52.75,6.28,,w
02-Dec-05,07-Dec-05,13C,68,A,5,OM,12-15,44.14,67.3,53.94,9.8,,w
02-Dec-05,07-Dec-05,13D,53,A,5,Min,,46.22,82.33,69.45,23.23,,
02-Dec-05,07-Dec-05,12A,35,B,15,mix,0-3,44.05,69.47,50.02,5.97,3 or 4,
02-Dec-05,07-Dec-05,12B,28,B,15,mix,3-6,44.83,80.94,56.1,11.27,,
02-Dec-05,07-Dec-05,12C,56,B,15,mix,6-9,44.98,86.83,56.47,11.49,,
02-Dec-05,07-Dec-05,12D,60,B,15,Min,,44.11,93.73,76.83,32.72,,
02-Dec-05,07-Dec-05,11A,58,B,5,mix,0-3,44.12,86.95,69.07,24.95,4,
02-Dec-05,07-Dec-05,11B,62,B,5,mix,3-6,45.79,79.2,62.73,16.94,,
02-Dec-05,07-Dec-05,11C,40,B,5,Min,,45.01,94.04,79.57,34.56,,
02-Dec-05,07-Dec-05,11D,15,P,15,mix,0-3,44.53,90.55,60.8,16.27,4,
02-Dec-05,07-Dec-05,10A,157,P,15,mix,3-6,46.24,84.69,57.23,10.99,,
02-Dec-05,07-Dec-05,10B,62,P,15,mix,6-9,45.75,75.5,55.76,10.01,,
02-Dec-05,07-Dec-05,10C,57,A,15,mix,0-3,43.36,73.78,52.05,8.69,3,
02-Dec-05,07-Dec-05,10D,22,A,15,mix,3-6,45.82,92.43,67.08,21.26,,
02-Dec-05,07-Dec-05,9A,37,A,15,mix,6-9,45.08,77.19,56.57,11.49,,
02-Dec-05,07-Dec-05,9B,107,A,15,mix,9-12,44.52,73.96,57.52,13,,
02-Dec-05,07-Dec-05,9C,26,T,5,mix,0-3,46.57,81.58,60.77,14.2,4,
02-Dec-05,07-Dec-05,9D,63,T,5,mix,3-6,46.3,82.04,65.59,19.29,,
02-Dec-05,07-Dec-05,8A,6,T,5,mix,6-9,78.5,111.97,90.16,11.66,,
02-Dec-05,07-Dec-05,8B,A3,C,5,OM,0-3,45.95,77.51,58.42,12.47,3,
02-Dec-05,07-Dec-05,8C,27,C,5,mix,3-6,44.04,65.77,54.14,10.1,,
02-Dec-05,07-Dec-05,8D,18A,C,5,mix,6-9,45.93,70.69,55.76,9.83,,
02-Dec-05,07-Dec-05,7A,3B,C,5,Min,,46.06,75.63,64.26,18.2,,
02-Dec-05,07-Dec-05,7B,LO,C,15,OM,0-3,45.36,66.02,52.73,7.37,2,
02-Dec-05,07-Dec-05,7C,5,C,15,OM,3-6,45.09,62.62,51.09,6,,
02-Dec-05,07-Dec-05,7D,102,C,15,OM,6-9,43.83,76.07,56.18,12.35,,
02-Dec-05,07-Dec-05,6A,5B,C,15,OM,9-12,45.59,73.11,55.85,10.26,,
02-Dec-05,07-Dec-05,6B,30C,C,15,Min,,46.02,69.99,60.76,14.74,,
02-Dec-05,07-Dec-05,6C,9B,G,5,Min,,43.59,92.18,77.43,33.84,,
02-Dec-05,07-Dec-05,6D,6B,G,15,OM,0-3,46.04,64.29,51.83,5.79,1,
02-Dec-05,07-Dec-05,5A,2,G,15,OM,3-6,46.05,65.04,48.89,2.84,,
02-Dec-05,07-Dec-05,5B,9A,G,15,OM,6-9,42.98,71.46,52.72,9.74,,
02-Dec-05,07-Dec-05,5C,B1,G,15,OM,9-12,44.39,65.81,50.26,5.87,,
02-Dec-05,07-Dec-05,5D,23,G,15,OM,12-15,45.1,75.66,52.64,7.54,,
02-Dec-05,07-Dec-05,4A,70,G,15,OM,15-18,44.54,72.57,52.3,7.76,,
02-Dec-05,07-Dec-05,4B,39,G,15,OM,18-21,42.92,70.69,50.67,7.75,,
02-Dec-05,07-Dec-05,4C,32,G,15,OM,21-14,44.59,79.09,54.32,9.73,,
02-Dec-05,07-Dec-05,4D,3,G,15,OM,24-27,44.86,68.08,52,7.14,,
02-Dec-05,07-Dec-05,3A,19,G,15,OM,27-30,46.08,65.46,52.84,6.76,,
02-Dec-05,07-Dec-05,3B,44A,I,5,OM,0-3,41.05,61.76,46.54,5.49,1,
02-Dec-05,07-Dec-05,3C,7,I,5,OM,3-6,45.1,61.7,49.15,4.05,,
02-Dec-05,07-Dec-05,3D,58,I,5,OM,6-9,44.89,68.27,51.24,6.35,,
02-Dec-05,07-Dec-05,2A,46,I,5,OM,9-12,46.57,68.95,53.85,7.28,,
02-Dec-05,07-Dec-05,2B,42,I,5,OM,12-15,45.9,97,54.21,8.31,,
02-Dec-05,07-Dec-05,2C,1,I,5,Min,,44.36,90.58,78.05,33.69,,
02-Dec-05,07-Dec-05,2D,21,I,15,OM,0-3,43.39,61.69,48.43,5.04,1,
02-Dec-05,07-Dec-05,1A,16,I,15,OM,3-6,45.12,67.33,50.7,5.58,,
02-Dec-05,07-Dec-05,1B,3,I,15,OM,6-9,44.52,69.1,51.29,6.77,,
02-Dec-05,07-Dec-05,1C,43,I,15,OM,9-12,45.15,87.72,61.37,16.22,,
02-Dec-05,07-Dec-05,1D,,I,15,Min,,43.98,102.39,91.9,47.92,,
07-Dec-05,,18A,23B,S,5,Om,0-3,45.27,64.34,49.98,4.71,1,
07-Dec-05,,18B,103,S,5,Om,3-6,42.49,64.15,46.96,4.47,,
07-Dec-05,,18C,,,,,,,,,,,
07-Dec-05,,18D,4,S,5,Om,6-9,46.47,67.28,51.97,5.5,,
07-Dec-05,,17A,2,S,5,Om,9-12,46.56,87.75,55.4,8.84,,w
07-Dec-05,,17B,1,S,5,Om,12-15,46.12,71.87,51,4.88,,w
07-Dec-05,,17C,4A,S,5,Min,,44.07,83.51,66.35,22.28,,
07-Dec-05,,17D,65,R,5,mix,0-3,46.36,76.89,61.75,15.39,3,
07-Dec-05,,16A,34,R,5,mix,3-6,45.86,71.22,58.96,13.1,,
07-Dec-05,,16B,64,R,5,mix,6-9,43.02,63.4,52.85,9.83,,
07-Dec-05,,16C,56,R,5,Min,,45.66,116.32,108.47,62.81,,
07-Dec-05,,16D,66,E,5,Om,0-3,45.62,69.8,51.74,6.12,1,
07-Dec-05,,15A,30,E,5,Om,3-6,45.28,69.22,51,5.72,,
07-Dec-05,,15B,65,E,5,Om,6-9,43.04,61.02,48.75,5.71,,
07-Dec-05,,15C,54,E,5,Om,9-12,43.62,64.68,50.52,6.9,,
07-Dec-05,,15D,15,E,5,Min,,45.16,92.92,74.91,29.75,,
07-Dec-05,,14A,72,E,15,Om,0-3,44.44,68.24,51.38,6.94,2,
07-Dec-05,,14B,24,E,15,Om,3-6,45.34,69.68,56.19,10.85,,
07-Dec-05,,14C,2B,E,15,Min,,45.81,91.43,81.42,35.61,,
07-Dec-05,,14D,7,S,15,Om,0-3,43.56,67.95,49.75,6.19,1,
07-Dec-05,,13A,1,S,15,Om,3-6,44.67,70.43,50.47,5.8,,
07-Dec-05,,13B,62,S,15,Om,6-9,46.47,74.92,52.65,6.18,,w
07-Dec-05,,13C,68,S,15,Om,9-12,44.14,72.2,51.62,7.48,,w
07-Dec-05,,13D,53,S,15,Om,12-15,46.22,73.02,50.96,4.74,,
07-Dec-05,,12A,35,S,15,Min,,44.05,83.16,74.15,30.1,,
07-Dec-05,,12B,28,J,15,Om,0-3,44.83,72.73,53.74,8.91,2,
07-Dec-05,,12C,56,J,15,Om,3-6,44.98,73.75,54.97,9.99,,
07-Dec-05,,12D,60,J,15,Min,,44.11,92.17,77.23,33.12,1,
07-Dec-05,,11A,58,J,5,Om,0-3,44.12,68.65,50.71,6.59,,
07-Dec-05,,11B,62,J,5,Om,3-6,45.79,68.55,52.53,6.74,,
07-Dec-05,,11C,40,J,5,Om,6-9,45.01,77.89,58.06,13.05,,
07-Dec-05,,11D,15,J,5,min,,44.53,91.16,83.32,38.79,,
07-Dec-05,,10A,157,R,15,Om,0-3,46.24,64.67,53.9,7.66,1,
07-Dec-05,,10B,62,R,15,Om,3-6,45.75,81.76,56.32,10.57,,
07-Dec-05,,10C,57,R,15,Om,6-9,43.36,73,50.35,6.99,,
07-Dec-05,,10D,22,R,15,Om,9-12,45.82,66.09,50.94,5.12,,
07-Dec-05,,9A,37,R,15,MIn,,45.08,94.7,80.03,34.95,,
